Country Name,Country Code,Series Name,Series Code,2024 [YR2024]
Afghanistan,AFG,Urban population growth (annual %),SP.URB.GROW,4.06172661982306
Afghanistan,AFG,"Population, total",SP.POP.TOTL,42647492
Afghanistan,AFG,"Fertility rate, total (births per woman)",SP.DYN.TFRT.IN,..
Afghanistan,AFG,GDP per capita (current US$),NY.GDP.PCAP.CD,..
Albania,ALB,Urban population growth (annual %),SP.URB.GROW,0.0471709154127424
Albania,ALB,"Population, total",SP.POP.TOTL,2714617
Albania,ALB,"Fertility rate, total (births per woman)",SP.DYN.TFRT.IN,..
Albania,ALB,GDP per capita (current US$),NY.GDP.PCAP.CD,10011.6279856667
Algeria,DZA,Urban population growth (annual %),SP.URB.GROW,2.03408385092412
Algeria,DZA,"Population, total",SP.POP.TOTL,46814308
Algeria,DZA,"Fertility rate, total (births per woman)",SP.DYN.TFRT.IN,..
Algeria,DZA,GDP per capita (current US$),NY.GDP.PCAP.CD,5631.17999109851
American Samoa,ASM,Urban population growth (annual %),SP.URB.GROW,-1.54853409772033
American Samoa,ASM,"Population, total",SP.POP.TOTL,46765
American Samoa,ASM,"Fertility rate, total (births per woman)",SP.DYN.TFRT.IN,..
American Samoa,ASM,GDP per capita (current US$),NY.GDP.PCAP.CD,..
Andorra,AND,Urban population growth (annual %),SP.URB.GROW,1.29771050300546
Andorra,AND,"Population, total",SP.POP.TOTL,81938
Andorra,AND,"Fertility rate, total (births per woman)",SP.DYN.TFRT.IN,..
Andorra,AND,GDP per capita (current US$),NY.GDP.PCAP.CD,49303.6733899464
Angola,AGO,Urban population growth (annual %),SP.URB.GROW,3.9038199496298
Angola,AGO,"Population, total",SP.POP.TOTL,37885849
Angola,AGO,"Fertility rate, total (births per woman)",SP.DYN.TFRT.IN,..
Angola,AGO,GDP per capita (current US$),NY.GDP.PCAP.CD,2122.08368991872
Antigua and Barbuda,ATG,Urban population growth (annual %),SP.URB.GROW,0.509577627014595
Antigua and Barbuda,ATG,"Population, total",SP.POP.TOTL,93772
Antigua and Barbuda,ATG,"Fertility rate, total (births per woman)",SP.DYN.TFRT.IN,..
Antigua and Barbuda,ATG,GDP per capita (current US$),NY.GDP.PCAP.CD,23725.7903725506
Argentina,ARG,Urban population growth (annual %),SP.URB.GROW,0.471206008710255
Argentina,ARG,"Population, total",SP.POP.TOTL,45696159
Argentina,ARG,"Fertility rate, total (births per woman)",SP.DYN.TFRT.IN,..
Argentina,ARG,GDP per capita (current US$),NY.GDP.PCAP.CD,13858.2039802008
Armenia,ARM,Urban population growth (annual %),SP.URB.GROW,2.60526067446792
Armenia,ARM,"Population, total",SP.POP.TOTL,3033500
Armenia,ARM,"Fertility rate, total (births per woman)",SP.DYN.TFRT.IN,..
Armenia,ARM,GDP per capita (current US$),NY.GDP.PCAP.CD,8500.60522486719
Aruba,ABW,Urban population growth (annual %),SP.URB.GROW,0.7423285220618
Aruba,ABW,"Population, total",SP.POP.TOTL,107624
Aruba,ABW,"Fertility rate, total (births per woman)",SP.DYN.TFRT.IN,..
Aruba,ABW,GDP per capita (current US$),NY.GDP.PCAP.CD,..
Australia,AUS,Urban population growth (annual %),SP.URB.GROW,2.20347308455882
Australia,AUS,"Population, total",SP.POP.TOTL,27204809
Australia,AUS,"Fertility rate, total (births per woman)",SP.DYN.TFRT.IN,..
Australia,AUS,GDP per capita (current US$),NY.GDP.PCAP.CD,64407.484256932
Austria,AUT,Urban population growth (annual %),SP.URB.GROW,0.994625653348628
Austria,AUT,"Population, total",SP.POP.TOTL,9178482
Austria,AUT,"Fertility rate, total (births per woman)",SP.DYN.TFRT.IN,..
Austria,AUT,GDP per capita (current US$),NY.GDP.PCAP.CD,56833.1960472053
Azerbaijan,AZE,Urban population growth (annual %),SP.URB.GROW,1.20716979468198
Azerbaijan,AZE,"Population, total",SP.POP.TOTL,10202850
Azerbaijan,AZE,"Fertility rate, total (births per woman)",SP.DYN.TFRT.IN,..
Azerbaijan,AZE,GDP per capita (current US$),NY.GDP.PCAP.CD,7283.83562954872
"Bahamas, The",BHS,Urban population growth (annual %),SP.URB.GROW,0.626416816115178
"Bahamas, The",BHS,"Population, total",SP.POP.TOTL,401283
"Bahamas, The",BHS,"Fertility rate, total (births per woman)",SP.DYN.TFRT.IN,..
"Bahamas, The",BHS,GDP per capita (current US$),NY.GDP.PCAP.CD,39455.4466548546
Bahrain,BHR,Urban population growth (annual %),SP.URB.GROW,0.878100134989872
Bahrain,BHR,"Population, total",SP.POP.TOTL,1588670
Bahrain,BHR,"Fertility rate, total (births per woman)",SP.DYN.TFRT.IN,..
Bahrain,BHR,GDP per capita (current US$),NY.GDP.PCAP.CD,30048.2177718844
Bangladesh,BGD,Urban population growth (annual %),SP.URB.GROW,3.06772756682046
Bangladesh,BGD,"Population, total",SP.POP.TOTL,173562364
Bangladesh,BGD,"Fertility rate, total (births per woman)",SP.DYN.TFRT.IN,..
Bangladesh,BGD,GDP per capita (current US$),NY.GDP.PCAP.CD,2593.41607390407
Barbados,BRB,Urban population growth (annual %),SP.URB.GROW,0.43747996245802
Barbados,BRB,"Population, total",SP.POP.TOTL,282467
Barbados,BRB,"Fertility rate, total (births per woman)",SP.DYN.TFRT.IN,..
Barbados,BRB,GDP per capita (current US$),NY.GDP.PCAP.CD,25365.7949424181
Belarus,BLR,Urban population growth (annual %),SP.URB.GROW,-0.000107966176351525
Belarus,BLR,"Population, total",SP.POP.TOTL,9133712
Belarus,BLR,"Fertility rate, total (births per woman)",SP.DYN.TFRT.IN,..
Belarus,BLR,GDP per capita (current US$),NY.GDP.PCAP.CD,8316.64776291533
Belgium,BEL,Urban population growth (annual %),SP.URB.GROW,0.79138569775605
Belgium,BEL,"Population, total",SP.POP.TOTL,11876844
Belgium,BEL,"Fertility rate, total (births per woman)",SP.DYN.TFRT.IN,..
Belgium,BEL,GDP per capita (current US$),NY.GDP.PCAP.CD,55954.6106261018
Belize,BLZ,Urban population growth (annual %),SP.URB.GROW,1.93309650958278
Belize,BLZ,"Population, total",SP.POP.TOTL,417072
Belize,BLZ,"Fertility rate, total (births per woman)",SP.DYN.TFRT.IN,..
Belize,BLZ,GDP per capita (current US$),NY.GDP.PCAP.CD,8429.67959707387
Benin,BEN,Urban population growth (annual %),SP.URB.GROW,3.59108680283364
Benin,BEN,"Population, total",SP.POP.TOTL,14462724
Benin,BEN,"Fertility rate, total (births per woman)",SP.DYN.TFRT.IN,..
Benin,BEN,GDP per capita (current US$),NY.GDP.PCAP.CD,1485.38018980894
Bermuda,BMU,Urban population growth (annual %),SP.URB.GROW,-0.0958758017988935
Bermuda,BMU,"Population, total",SP.POP.TOTL,64636
Bermuda,BMU,"Fertility rate, total (births per woman)",SP.DYN.TFRT.IN,..
Bermuda,BMU,GDP per capita (current US$),NY.GDP.PCAP.CD,138934.958846463
Bhutan,BTN,Urban population growth (annual %),SP.URB.GROW,2.10633251754532
Bhutan,BTN,"Population, total",SP.POP.TOTL,791524
Bhutan,BTN,"Fertility rate, total (births per woman)",SP.DYN.TFRT.IN,..
Bhutan,BTN,GDP per capita (current US$),NY.GDP.PCAP.CD,..
Bolivia,BOL,Urban population growth (annual %),SP.URB.GROW,1.87511109176737
Bolivia,BOL,"Population, total",SP.POP.TOTL,12413315
Bolivia,BOL,"Fertility rate, total (births per woman)",SP.DYN.TFRT.IN,..
Bolivia,BOL,GDP per capita (current US$),NY.GDP.PCAP.CD,4001.21133990795
Bosnia and Herzegovina,BIH,Urban population growth (annual %),SP.URB.GROW,0.213686426566387
Bosnia and Herzegovina,BIH,"Population, total",SP.POP.TOTL,3164253
Bosnia and Herzegovina,BIH,"Fertility rate, total (births per woman)",SP.DYN.TFRT.IN,..
Bosnia and Herzegovina,BIH,GDP per capita (current US$),NY.GDP.PCAP.CD,8957.37294188215
Botswana,BWA,Urban population growth (annual %),SP.URB.GROW,2.48675132598612
Botswana,BWA,"Population, total",SP.POP.TOTL,2521139
Botswana,BWA,"Fertility rate, total (births per woman)",SP.DYN.TFRT.IN,..
Botswana,BWA,GDP per capita (current US$),NY.GDP.PCAP.CD,7695.2420641819
Brazil,BRA,Urban population growth (annual %),SP.URB.GROW,0.664847024770479
Brazil,BRA,"Population, total",SP.POP.TOTL,211998573
Brazil,BRA,"Fertility rate, total (births per woman)",SP.DYN.TFRT.IN,..
Brazil,BRA,GDP per capita (current US$),NY.GDP.PCAP.CD,10280.3148624429
British Virgin Islands,VGB,Urban population growth (annual %),SP.URB.GROW,2.0869701492389
British Virgin Islands,VGB,"Population, total",SP.POP.TOTL,39471
British Virgin Islands,VGB,"Fertility rate, total (births per woman)",SP.DYN.TFRT.IN,..
British Virgin Islands,VGB,GDP per capita (current US$),NY.GDP.PCAP.CD,..
Brunei Darussalam,BRN,Urban population growth (annual %),SP.URB.GROW,1.18413884401508
Brunei Darussalam,BRN,"Population, total",SP.POP.TOTL,462721
Brunei Darussalam,BRN,"Fertility rate, total (births per woman)",SP.DYN.TFRT.IN,..
Brunei Darussalam,BRN,GDP per capita (current US$),NY.GDP.PCAP.CD,33417.8357740437
Bulgaria,BGR,Urban population growth (annual %),SP.URB.GROW,0.402497225743077
Bulgaria,BGR,"Population, total",SP.POP.TOTL,6444366
Bulgaria,BGR,"Fertility rate, total (births per woman)",SP.DYN.TFRT.IN,..
Bulgaria,BGR,GDP per capita (current US$),NY.GDP.PCAP.CD,17412.4115085691
Burkina Faso,BFA,Urban population growth (annual %),SP.URB.GROW,4.21298279764558
Burkina Faso,BFA,"Population, total",SP.POP.TOTL,23548781
Burkina Faso,BFA,"Fertility rate, total (births per woman)",SP.DYN.TFRT.IN,..
Burkina Faso,BFA,GDP per capita (current US$),NY.GDP.PCAP.CD,987.321378101867
Burundi,BDI,Urban population growth (annual %),SP.URB.GROW,5.09541798113634
Burundi,BDI,"Population, total",SP.POP.TOTL,14047786
Burundi,BDI,"Fertility rate, total (births per woman)",SP.DYN.TFRT.IN,..
Burundi,BDI,GDP per capita (current US$),NY.GDP.PCAP.CD,153.930217854023
Cabo Verde,CPV,Urban population growth (annual %),SP.URB.GROW,1.1168325335273
Cabo Verde,CPV,"Population, total",SP.POP.TOTL,524877
Cabo Verde,CPV,"Fertility rate, total (births per woman)",SP.DYN.TFRT.IN,..
Cabo Verde,CPV,GDP per capita (current US$),NY.GDP.PCAP.CD,5272.85253011419
Cambodia,KHM,Urban population growth (annual %),SP.URB.GROW,3.02814567457133
Cambodia,KHM,"Population, total",SP.POP.TOTL,17638801
Cambodia,KHM,"Fertility rate, total (births per woman)",SP.DYN.TFRT.IN,..
Cambodia,KHM,GDP per capita (current US$),NY.GDP.PCAP.CD,2627.8796974226
Cameroon,CMR,Urban population growth (annual %),SP.URB.GROW,3.58075760279752
Cameroon,CMR,"Population, total",SP.POP.TOTL,29123744
Cameroon,CMR,"Fertility rate, total (births per woman)",SP.DYN.TFRT.IN,..
Cameroon,CMR,GDP per capita (current US$),NY.GDP.PCAP.CD,1762.3683508844
Canada,CAN,Urban population growth (annual %),SP.URB.GROW,3.1062418205964
Canada,CAN,"Population, total",SP.POP.TOTL,41288599
Canada,CAN,"Fertility rate, total (births per woman)",SP.DYN.TFRT.IN,..
Canada,CAN,GDP per capita (current US$),NY.GDP.PCAP.CD,54282.6176051733
Cayman Islands,CYM,Urban population growth (annual %),SP.URB.GROW,1.92419238887509
Cayman Islands,CYM,"Population, total",SP.POP.TOTL,74457
Cayman Islands,CYM,"Fertility rate, total (births per woman)",SP.DYN.TFRT.IN,..
Cayman Islands,CYM,GDP per capita (current US$),NY.GDP.PCAP.CD,..
Central African Republic,CAF,Urban population growth (annual %),SP.URB.GROW,4.5775349935302
Central African Republic,CAF,"Population, total",SP.POP.TOTL,5330690
Central African Republic,CAF,"Fertility rate, total (births per woman)",SP.DYN.TFRT.IN,..
Central African Republic,CAF,GDP per capita (current US$),NY.GDP.PCAP.CD,516.170424537757
Chad,TCD,Urban population growth (annual %),SP.URB.GROW,6.27353263233479
Chad,TCD,"Population, total",SP.POP.TOTL,20299123
Chad,TCD,"Fertility rate, total (births per woman)",SP.DYN.TFRT.IN,..
Chad,TCD,GDP per capita (current US$),NY.GDP.PCAP.CD,1016.08880662712
Channel Islands,CHI,Urban population growth (annual %),SP.URB.GROW,0.572509721986239
Channel Islands,CHI,"Population, total",SP.POP.TOTL,168126
Channel Islands,CHI,"Fertility rate, total (births per woman)",SP.DYN.TFRT.IN,..
Channel Islands,CHI,GDP per capita (current US$),NY.GDP.PCAP.CD,..
Chile,CHL,Urban population growth (annual %),SP.URB.GROW,0.655522845916899
Chile,CHL,"Population, total",SP.POP.TOTL,19764771
Chile,CHL,"Fertility rate, total (births per woman)",SP.DYN.TFRT.IN,..
Chile,CHL,GDP per capita (current US$),NY.GDP.PCAP.CD,16709.8893972307
China,CHN,Urban population growth (annual %),SP.URB.GROW,1.3741132127498
China,CHN,"Population, total",SP.POP.TOTL,1408975000
China,CHN,"Fertility rate, total (births per woman)",SP.DYN.TFRT.IN,..
China,CHN,GDP per capita (current US$),NY.GDP.PCAP.CD,13303.1481543868
Colombia,COL,Urban population growth (annual %),SP.URB.GROW,1.43567804992394
Colombia,COL,"Population, total",SP.POP.TOTL,52886363
Colombia,COL,"Fertility rate, total (births per woman)",SP.DYN.TFRT.IN,..
Colombia,COL,GDP per capita (current US$),NY.GDP.PCAP.CD,7913.98801464547
Comoros,COM,Urban population growth (annual %),SP.URB.GROW,2.83639289494958
Comoros,COM,"Population, total",SP.POP.TOTL,866628
Comoros,COM,"Fertility rate, total (births per woman)",SP.DYN.TFRT.IN,..
Comoros,COM,GDP per capita (current US$),NY.GDP.PCAP.CD,1784.11546860293
"Congo, Dem. Rep.",COD,Urban population growth (annual %),SP.URB.GROW,4.52218796060245
"Congo, Dem. Rep.",COD,"Population, total",SP.POP.TOTL,109276265
"Congo, Dem. Rep.",COD,"Fertility rate, total (births per woman)",SP.DYN.TFRT.IN,..
"Congo, Dem. Rep.",COD,GDP per capita (current US$),NY.GDP.PCAP.CD,647.435704836002
"Congo, Rep.",COG,Urban population growth (annual %),SP.URB.GROW,3.04658907824074
"Congo, Rep.",COG,"Population, total",SP.POP.TOTL,6332961
"Congo, Rep.",COG,"Fertility rate, total (births per woman)",SP.DYN.TFRT.IN,..
"Congo, Rep.",COG,GDP per capita (current US$),NY.GDP.PCAP.CD,2482.24894743495
Costa Rica,CRI,Urban population growth (annual %),SP.URB.GROW,1.13393837175165
Costa Rica,CRI,"Population, total",SP.POP.TOTL,5129910
Costa Rica,CRI,"Fertility rate, total (births per woman)",SP.DYN.TFRT.IN,..
Costa Rica,CRI,GDP per capita (current US$),NY.GDP.PCAP.CD,18587.1532203614
Cote d'Ivoire,CIV,Urban population growth (annual %),SP.URB.GROW,3.36321639547342
Cote d'Ivoire,CIV,"Population, total",SP.POP.TOTL,31934230
Cote d'Ivoire,CIV,"Fertility rate, total (births per woman)",SP.DYN.TFRT.IN,..
Cote d'Ivoire,CIV,GDP per capita (current US$),NY.GDP.PCAP.CD,2709.89511641252
Croatia,HRV,Urban population growth (annual %),SP.URB.GROW,0.800920268465332
Croatia,HRV,"Population, total",SP.POP.TOTL,3866300
Croatia,HRV,"Fertility rate, total (births per woman)",SP.DYN.TFRT.IN,..
Croatia,HRV,GDP per capita (current US$),NY.GDP.PCAP.CD,23931.4528382746
Cuba,CUB,Urban population growth (annual %),SP.URB.GROW,-0.192283968762651
Cuba,CUB,"Population, total",SP.POP.TOTL,10979783
Cuba,CUB,"Fertility rate, total (births per woman)",SP.DYN.TFRT.IN,..
Cuba,CUB,GDP per capita (current US$),NY.GDP.PCAP.CD,..
Curacao,CUW,Urban population growth (annual %),SP.URB.GROW,0.0749549584642435
Curacao,CUW,"Population, total",SP.POP.TOTL,155900
Curacao,CUW,"Fertility rate, total (births per woman)",SP.DYN.TFRT.IN,..
Curacao,CUW,GDP per capita (current US$),NY.GDP.PCAP.CD,..
Cyprus,CYP,Urban population growth (annual %),SP.URB.GROW,1.12620539354744
Cyprus,CYP,"Population, total",SP.POP.TOTL,1358282
Cyprus,CYP,"Fertility rate, total (births per woman)",SP.DYN.TFRT.IN,..
Cyprus,CYP,GDP per capita (current US$),NY.GDP.PCAP.CD,38654.16796875
Czechia,CZE,Urban population growth (annual %),SP.URB.GROW,0.415846046839682
Czechia,CZE,"Population, total",SP.POP.TOTL,10882164
Czechia,CZE,"Fertility rate, total (births per woman)",SP.DYN.TFRT.IN,..
Czechia,CZE,GDP per capita (current US$),NY.GDP.PCAP.CD,31706.6234229743
Denmark,DNK,Urban population growth (annual %),SP.URB.GROW,0.651787301369345
Denmark,DNK,"Population, total",SP.POP.TOTL,5976992
Denmark,DNK,"Fertility rate, total (births per woman)",SP.DYN.TFRT.IN,..
Denmark,DNK,GDP per capita (current US$),NY.GDP.PCAP.CD,71851.7562131368
Djibouti,DJI,Urban population growth (annual %),SP.URB.GROW,1.58803305903748
Djibouti,DJI,"Population, total",SP.POP.TOTL,1168722
Djibouti,DJI,"Fertility rate, total (births per woman)",SP.DYN.TFRT.IN,..
Djibouti,DJI,GDP per capita (current US$),NY.GDP.PCAP.CD,3496.47111876763
Dominica,DMA,Urban population growth (annual %),SP.URB.GROW,-0.0355035768361578
Dominica,DMA,"Population, total",SP.POP.TOTL,66205
Dominica,DMA,"Fertility rate, total (births per woman)",SP.DYN.TFRT.IN,..
Dominica,DMA,GDP per capita (current US$),NY.GDP.PCAP.CD,10405.2787777582
Dominican Republic,DOM,Urban population growth (annual %),SP.URB.GROW,1.51303377792895
Dominican Republic,DOM,"Population, total",SP.POP.TOTL,11427557
Dominican Republic,DOM,"Fertility rate, total (births per woman)",SP.DYN.TFRT.IN,..
Dominican Republic,DOM,GDP per capita (current US$),NY.GDP.PCAP.CD,10875.6618443092
Ecuador,ECU,Urban population growth (annual %),SP.URB.GROW,1.22567036413318
Ecuador,ECU,"Population, total",SP.POP.TOTL,18135478
Ecuador,ECU,"Fertility rate, total (births per woman)",SP.DYN.TFRT.IN,..
Ecuador,ECU,GDP per capita (current US$),NY.GDP.PCAP.CD,6874.705739766
"Egypt, Arab Rep.",EGY,Urban population growth (annual %),SP.URB.GROW,2.09916123919195
"Egypt, Arab Rep.",EGY,"Population, total",SP.POP.TOTL,116538258
"Egypt, Arab Rep.",EGY,"Fertility rate, total (births per woman)",SP.DYN.TFRT.IN,..
"Egypt, Arab Rep.",EGY,GDP per capita (current US$),NY.GDP.PCAP.CD,3338.47371395895
El Salvador,SLV,Urban population growth (annual %),SP.URB.GROW,1.24838310782066
El Salvador,SLV,"Population, total",SP.POP.TOTL,6338193
El Salvador,SLV,"Fertility rate, total (births per woman)",SP.DYN.TFRT.IN,..
El Salvador,SLV,GDP per capita (current US$),NY.GDP.PCAP.CD,5579.65969165029
Equatorial Guinea,GNQ,Urban population growth (annual %),SP.URB.GROW,2.97529704287941
Equatorial Guinea,GNQ,"Population, total",SP.POP.TOTL,1892516
Equatorial Guinea,GNQ,"Fertility rate, total (births per woman)",SP.DYN.TFRT.IN,..
Equatorial Guinea,GNQ,GDP per capita (current US$),NY.GDP.PCAP.CD,6745.40013244916
Eritrea,ERI,Urban population growth (annual %),SP.URB.GROW,3.33915208683711
Eritrea,ERI,"Population, total",SP.POP.TOTL,3535603
Eritrea,ERI,"Fertility rate, total (births per woman)",SP.DYN.TFRT.IN,..
Eritrea,ERI,GDP per capita (current US$),NY.GDP.PCAP.CD,..
Estonia,EST,Urban population growth (annual %),SP.URB.GROW,0.422898450478426
Estonia,EST,"Population, total",SP.POP.TOTL,1371986
Estonia,EST,"Fertility rate, total (births per woman)",SP.DYN.TFRT.IN,..
Estonia,EST,GDP per capita (current US$),NY.GDP.PCAP.CD,31170.0915091887
Eswatini,SWZ,Urban population growth (annual %),SP.URB.GROW,1.89156959316136
Eswatini,SWZ,"Population, total",SP.POP.TOTL,1242822
Eswatini,SWZ,"Fertility rate, total (births per woman)",SP.DYN.TFRT.IN,..
Eswatini,SWZ,GDP per capita (current US$),NY.GDP.PCAP.CD,3936.10969242371
Ethiopia,ETH,Urban population growth (annual %),SP.URB.GROW,4.73660424393762
Ethiopia,ETH,"Population, total",SP.POP.TOTL,132059767
Ethiopia,ETH,"Fertility rate, total (births per woman)",SP.DYN.TFRT.IN,..
Ethiopia,ETH,GDP per capita (current US$),NY.GDP.PCAP.CD,..
Faroe Islands,FRO,Urban population growth (annual %),SP.URB.GROW,1.02033025314191
Faroe Islands,FRO,"Population, total",SP.POP.TOTL,54719
Faroe Islands,FRO,"Fertility rate, total (births per woman)",SP.DYN.TFRT.IN,..
Faroe Islands,FRO,GDP per capita (current US$),NY.GDP.PCAP.CD,..
Fiji,FJI,Urban population growth (annual %),SP.URB.GROW,1.31332338557532
Fiji,FJI,"Population, total",SP.POP.TOTL,928784
Fiji,FJI,"Fertility rate, total (births per woman)",SP.DYN.TFRT.IN,..
Fiji,FJI,GDP per capita (current US$),NY.GDP.PCAP.CD,6288.39867264416
Finland,FIN,Urban population growth (annual %),SP.URB.GROW,1.06540010368679
Finland,FIN,"Population, total",SP.POP.TOTL,5637214
Finland,FIN,"Fertility rate, total (births per woman)",SP.DYN.TFRT.IN,..
Finland,FIN,GDP per capita (current US$),NY.GDP.PCAP.CD,53188.6186245158
France,FRA,Urban population growth (annual %),SP.URB.GROW,0.661062424539315
France,FRA,"Population, total",SP.POP.TOTL,68516699
France,FRA,"Fertility rate, total (births per woman)",SP.DYN.TFRT.IN,..
France,FRA,GDP per capita (current US$),NY.GDP.PCAP.CD,46150.4876861593
French Polynesia,PYF,Urban population growth (annual %),SP.URB.GROW,0.456401946639407
French Polynesia,PYF,"Population, total",SP.POP.TOTL,281807
French Polynesia,PYF,"Fertility rate, total (births per woman)",SP.DYN.TFRT.IN,..
French Polynesia,PYF,GDP per capita (current US$),NY.GDP.PCAP.CD,..
Gabon,GAB,Urban population growth (annual %),SP.URB.GROW,2.4612824673277
Gabon,GAB,"Population, total",SP.POP.TOTL,2538952
Gabon,GAB,"Fertility rate, total (births per woman)",SP.DYN.TFRT.IN,..
Gabon,GAB,GDP per capita (current US$),NY.GDP.PCAP.CD,8218.76307061848
"Gambia, The",GMB,Urban population growth (annual %),SP.URB.GROW,3.21589674058409
"Gambia, The",GMB,"Population, total",SP.POP.TOTL,2759988
"Gambia, The",GMB,"Fertility rate, total (births per woman)",SP.DYN.TFRT.IN,..
"Gambia, The",GMB,GDP per capita (current US$),NY.GDP.PCAP.CD,908.525674150965
Georgia,GEO,Urban population growth (annual %),SP.URB.GROW,-0.413075351851438
Georgia,GEO,"Population, total",SP.POP.TOTL,3673850
Georgia,GEO,"Fertility rate, total (births per woman)",SP.DYN.TFRT.IN,..
Georgia,GEO,GDP per capita (current US$),NY.GDP.PCAP.CD,9193.66366361489
Germany,DEU,Urban population growth (annual %),SP.URB.GROW,-0.300045080252953
Germany,DEU,"Population, total",SP.POP.TOTL,83510950
Germany,DEU,"Fertility rate, total (births per woman)",SP.DYN.TFRT.IN,..
Germany,DEU,GDP per capita (current US$),NY.GDP.PCAP.CD,55800.2194549412
Ghana,GHA,Urban population growth (annual %),SP.URB.GROW,2.90950432191863
Ghana,GHA,"Population, total",SP.POP.TOTL,34427414
Ghana,GHA,"Fertility rate, total (births per woman)",SP.DYN.TFRT.IN,..
Ghana,GHA,GDP per capita (current US$),NY.GDP.PCAP.CD,2405.79466378083
Gibraltar,GIB,Urban population growth (annual %),SP.URB.GROW,2.20574495293092
Gibraltar,GIB,"Population, total",SP.POP.TOTL,39329
Gibraltar,GIB,"Fertility rate, total (births per woman)",SP.DYN.TFRT.IN,..
Gibraltar,GIB,GDP per capita (current US$),NY.GDP.PCAP.CD,..
Greece,GRC,Urban population growth (annual %),SP.URB.GROW,0.223349174849742
Greece,GRC,"Population, total",SP.POP.TOTL,10388805
Greece,GRC,"Fertility rate, total (births per woman)",SP.DYN.TFRT.IN,..
Greece,GRC,GDP per capita (current US$),NY.GDP.PCAP.CD,24752.1068401681
Greenland,GRL,Urban population growth (annual %),SP.URB.GROW,0.18580124617584
Greenland,GRL,"Population, total",SP.POP.TOTL,56836
Greenland,GRL,"Fertility rate, total (births per woman)",SP.DYN.TFRT.IN,..
Greenland,GRL,GDP per capita (current US$),NY.GDP.PCAP.CD,..
Grenada,GRD,Urban population growth (annual %),SP.URB.GROW,0.668437867694504
Grenada,GRD,"Population, total",SP.POP.TOTL,117207
Grenada,GRD,"Fertility rate, total (births per woman)",SP.DYN.TFRT.IN,..
Grenada,GRD,GDP per capita (current US$),NY.GDP.PCAP.CD,11871.6117006031
Guam,GUM,Urban population growth (annual %),SP.URB.GROW,0.838344821038419
Guam,GUM,"Population, total",SP.POP.TOTL,167777
Guam,GUM,"Fertility rate, total (births per woman)",SP.DYN.TFRT.IN,..
Guam,GUM,GDP per capita (current US$),NY.GDP.PCAP.CD,..
Guatemala,GTM,Urban population growth (annual %),SP.URB.GROW,2.37401466688263
Guatemala,GTM,"Population, total",SP.POP.TOTL,18406359
Guatemala,GTM,"Fertility rate, total (births per woman)",SP.DYN.TFRT.IN,..
Guatemala,GTM,GDP per capita (current US$),NY.GDP.PCAP.CD,6150.02597767851
Guinea,GIN,Urban population growth (annual %),SP.URB.GROW,3.52389488078414
Guinea,GIN,"Population, total",SP.POP.TOTL,14754785
Guinea,GIN,"Fertility rate, total (births per woman)",SP.DYN.TFRT.IN,..
Guinea,GIN,GDP per capita (current US$),NY.GDP.PCAP.CD,1717.02318120779
Guinea-Bissau,GNB,Urban population growth (annual %),SP.URB.GROW,3.13995060137583
Guinea-Bissau,GNB,"Population, total",SP.POP.TOTL,2201352
Guinea-Bissau,GNB,"Fertility rate, total (births per woman)",SP.DYN.TFRT.IN,..
Guinea-Bissau,GNB,GDP per capita (current US$),NY.GDP.PCAP.CD,962.983627901892
Guyana,GUY,Urban population growth (annual %),SP.URB.GROW,1.13673329169945
Guyana,GUY,"Population, total",SP.POP.TOTL,831087
Guyana,GUY,"Fertility rate, total (births per woman)",SP.DYN.TFRT.IN,..
Guyana,GUY,GDP per capita (current US$),NY.GDP.PCAP.CD,29883.6341152001
Haiti,HTI,Urban population growth (annual %),SP.URB.GROW,2.51330530909527
Haiti,HTI,"Population, total",SP.POP.TOTL,11772557
Haiti,HTI,"Fertility rate, total (births per woman)",SP.DYN.TFRT.IN,..
Haiti,HTI,GDP per capita (current US$),NY.GDP.PCAP.CD,2142.62330526788
Honduras,HND,Urban population growth (annual %),SP.URB.GROW,2.68609858085011
Honduras,HND,"Population, total",SP.POP.TOTL,10825703
Honduras,HND,"Fertility rate, total (births per woman)",SP.DYN.TFRT.IN,..
Honduras,HND,GDP per capita (current US$),NY.GDP.PCAP.CD,3426.43483328923
"Hong Kong SAR, China",HKG,Urban population growth (annual %),SP.URB.GROW,-0.159360467186035
"Hong Kong SAR, China",HKG,"Population, total",SP.POP.TOTL,7524100
"Hong Kong SAR, China",HKG,"Fertility rate, total (births per woman)",SP.DYN.TFRT.IN,..
"Hong Kong SAR, China",HKG,GDP per capita (current US$),NY.GDP.PCAP.CD,54107.034521746
Hungary,HUN,Urban population growth (annual %),SP.URB.GROW,0.119483620823841
Hungary,HUN,"Population, total",SP.POP.TOTL,9562314
Hungary,HUN,"Fertility rate, total (births per woman)",SP.DYN.TFRT.IN,..
Hungary,HUN,GDP per capita (current US$),NY.GDP.PCAP.CD,23310.7512733957
Iceland,ISL,Urban population growth (annual %),SP.URB.GROW,2.87805942207719
Iceland,ISL,"Population, total",SP.POP.TOTL,404610
Iceland,ISL,"Fertility rate, total (births per woman)",SP.DYN.TFRT.IN,..
Iceland,ISL,GDP per capita (current US$),NY.GDP.PCAP.CD,82703.8579937471
India,IND,Urban population growth (annual %),SP.URB.GROW,2.26446328423312
India,IND,"Population, total",SP.POP.TOTL,1450935791
India,IND,"Fertility rate, total (births per woman)",SP.DYN.TFRT.IN,..
India,IND,GDP per capita (current US$),NY.GDP.PCAP.CD,2696.66389984463
Indonesia,IDN,Urban population growth (annual %),SP.URB.GROW,1.88710578487195
Indonesia,IDN,"Population, total",SP.POP.TOTL,283487931
Indonesia,IDN,"Fertility rate, total (births per woman)",SP.DYN.TFRT.IN,..
Indonesia,IDN,GDP per capita (current US$),NY.GDP.PCAP.CD,4925.43048751861
"Iran, Islamic Rep.",IRN,Urban population growth (annual %),SP.URB.GROW,1.62206783443733
"Iran, Islamic Rep.",IRN,"Population, total",SP.POP.TOTL,91567738
"Iran, Islamic Rep.",IRN,"Fertility rate, total (births per woman)",SP.DYN.TFRT.IN,..
"Iran, Islamic Rep.",IRN,GDP per capita (current US$),NY.GDP.PCAP.CD,4771.40029026226
Iraq,IRQ,Urban population growth (annual %),SP.URB.GROW,2.47889459041468
Iraq,IRQ,"Population, total",SP.POP.TOTL,46042015
Iraq,IRQ,"Fertility rate, total (births per woman)",SP.DYN.TFRT.IN,..
Iraq,IRQ,GDP per capita (current US$),NY.GDP.PCAP.CD,6073.61032342708
Ireland,IRL,Urban population growth (annual %),SP.URB.GROW,1.81465598926847
Ireland,IRL,"Population, total",SP.POP.TOTL,5380257
Ireland,IRL,"Fertility rate, total (births per woman)",SP.DYN.TFRT.IN,..
Ireland,IRL,GDP per capita (current US$),NY.GDP.PCAP.CD,107316.337306921
Isle of Man,IMN,Urban population growth (annual %),SP.URB.GROW,0.416787354841273
Isle of Man,IMN,"Population, total",SP.POP.TOTL,84160
Isle of Man,IMN,"Fertility rate, total (births per woman)",SP.DYN.TFRT.IN,..
Isle of Man,IMN,GDP per capita (current US$),NY.GDP.PCAP.CD,..
Israel,ISR,Urban population growth (annual %),SP.URB.GROW,1.36422649318574
Israel,ISR,"Population, total",SP.POP.TOTL,9974400
Israel,ISR,"Fertility rate, total (births per woman)",SP.DYN.TFRT.IN,..
Israel,ISR,GDP per capita (current US$),NY.GDP.PCAP.CD,54176.6844383302
Italy,ITA,Urban population growth (annual %),SP.URB.GROW,0.429609757181424
Italy,ITA,"Population, total",SP.POP.TOTL,58986023
Italy,ITA,"Fertility rate, total (births per woman)",SP.DYN.TFRT.IN,..
Italy,ITA,GDP per capita (current US$),NY.GDP.PCAP.CD,40226.0472416173
Jamaica,JAM,Urban population growth (annual %),SP.URB.GROW,0.645507683426489
Jamaica,JAM,"Population, total",SP.POP.TOTL,2839175
Jamaica,JAM,"Fertility rate, total (births per woman)",SP.DYN.TFRT.IN,..
Jamaica,JAM,GDP per capita (current US$),NY.GDP.PCAP.CD,7019.74634780454
Japan,JPN,Urban population growth (annual %),SP.URB.GROW,-0.336833844891499
Japan,JPN,"Population, total",SP.POP.TOTL,123975371
Japan,JPN,"Fertility rate, total (births per woman)",SP.DYN.TFRT.IN,..
Japan,JPN,GDP per capita (current US$),NY.GDP.PCAP.CD,32475.8924992191
Jordan,JOR,Urban population growth (annual %),SP.URB.GROW,1.19064759002412
Jordan,JOR,"Population, total",SP.POP.TOTL,11552876
Jordan,JOR,"Fertility rate, total (births per woman)",SP.DYN.TFRT.IN,..
Jordan,JOR,GDP per capita (current US$),NY.GDP.PCAP.CD,4618.09592498567
Kazakhstan,KAZ,Urban population growth (annual %),SP.URB.GROW,1.63964155827714
Kazakhstan,KAZ,"Population, total",SP.POP.TOTL,20592571
Kazakhstan,KAZ,"Fertility rate, total (births per woman)",SP.DYN.TFRT.IN,..
Kazakhstan,KAZ,GDP per capita (current US$),NY.GDP.PCAP.CD,14005.3487362345
Kenya,KEN,Urban population growth (annual %),SP.URB.GROW,3.7336486534732
Kenya,KEN,"Population, total",SP.POP.TOTL,56432944
Kenya,KEN,"Fertility rate, total (births per woman)",SP.DYN.TFRT.IN,..
Kenya,KEN,GDP per capita (current US$),NY.GDP.PCAP.CD,2206.1349785176
Kiribati,KIR,Urban population growth (annual %),SP.URB.GROW,2.6694029018204
Kiribati,KIR,"Population, total",SP.POP.TOTL,134518
Kiribati,KIR,"Fertility rate, total (births per woman)",SP.DYN.TFRT.IN,..
Kiribati,KIR,GDP per capita (current US$),NY.GDP.PCAP.CD,2288.63458265531
"Korea, Dem. People's Rep.",PRK,Urban population growth (annual %),SP.URB.GROW,0.77824333955038
"Korea, Dem. People's Rep.",PRK,"Population, total",SP.POP.TOTL,26498823
"Korea, Dem. People's Rep.",PRK,"Fertility rate, total (births per woman)",SP.DYN.TFRT.IN,..
"Korea, Dem. People's Rep.",PRK,GDP per capita (current US$),NY.GDP.PCAP.CD,..
"Korea, Rep.",KOR,Urban population growth (annual %),SP.URB.GROW,0.125866108163057
"Korea, Rep.",KOR,"Population, total",SP.POP.TOTL,51751065
"Korea, Rep.",KOR,"Fertility rate, total (births per woman)",SP.DYN.TFRT.IN,..
"Korea, Rep.",KOR,GDP per capita (current US$),NY.GDP.PCAP.CD,..
Kosovo,XKX,Urban population growth (annual %),SP.URB.GROW,..
Kosovo,XKX,"Population, total",SP.POP.TOTL,1527324
Kosovo,XKX,"Fertility rate, total (births per woman)",SP.DYN.TFRT.IN,..
Kosovo,XKX,GDP per capita (current US$),NY.GDP.PCAP.CD,7299.43498083118
Kuwait,KWT,Urban population growth (annual %),SP.URB.GROW,2.45127885912436
Kuwait,KWT,"Population, total",SP.POP.TOTL,4973861
Kuwait,KWT,"Fertility rate, total (births per woman)",SP.DYN.TFRT.IN,..
Kuwait,KWT,GDP per capita (current US$),NY.GDP.PCAP.CD,32213.8622292316
Kyrgyz Republic,KGZ,Urban population growth (annual %),SP.URB.GROW,2.70438647972752
Kyrgyz Republic,KGZ,"Population, total",SP.POP.TOTL,7224614
Kyrgyz Republic,KGZ,"Fertility rate, total (births per woman)",SP.DYN.TFRT.IN,..
Kyrgyz Republic,KGZ,GDP per capita (current US$),NY.GDP.PCAP.CD,2419.26553574523
Lao PDR,LAO,Urban population growth (annual %),SP.URB.GROW,3.06666541664422
Lao PDR,LAO,"Population, total",SP.POP.TOTL,7769819
Lao PDR,LAO,"Fertility rate, total (births per woman)",SP.DYN.TFRT.IN,..
Lao PDR,LAO,GDP per capita (current US$),NY.GDP.PCAP.CD,2123.97909411797
Latvia,LVA,Urban population growth (annual %),SP.URB.GROW,-0.592868278583368
Latvia,LVA,"Population, total",SP.POP.TOTL,1862441
Latvia,LVA,"Fertility rate, total (births per woman)",SP.DYN.TFRT.IN,..
Latvia,LVA,GDP per capita (current US$),NY.GDP.PCAP.CD,23367.5986788961
Lebanon,LBN,Urban population growth (annual %),SP.URB.GROW,0.751831740405999
Lebanon,LBN,"Population, total",SP.POP.TOTL,5805962
Lebanon,LBN,"Fertility rate, total (births per woman)",SP.DYN.TFRT.IN,..
Lebanon,LBN,GDP per capita (current US$),NY.GDP.PCAP.CD,..
Lesotho,LSO,Urban population growth (annual %),SP.URB.GROW,2.68885460661251
Lesotho,LSO,"Population, total",SP.POP.TOTL,2337423
Lesotho,LSO,"Fertility rate, total (births per woman)",SP.DYN.TFRT.IN,..
Lesotho,LSO,GDP per capita (current US$),NY.GDP.PCAP.CD,971.814620468788
Liberia,LBR,Urban population growth (annual %),SP.URB.GROW,3.10482398442784
Liberia,LBR,"Population, total",SP.POP.TOTL,5612817
Liberia,LBR,"Fertility rate, total (births per woman)",SP.DYN.TFRT.IN,..
Liberia,LBR,GDP per capita (current US$),NY.GDP.PCAP.CD,846.277368387389
Libya,LBY,Urban population growth (annual %),SP.URB.GROW,1.39447574815819
Libya,LBY,"Population, total",SP.POP.TOTL,7381023
Libya,LBY,"Fertility rate, total (births per woman)",SP.DYN.TFRT.IN,..
Libya,LBY,GDP per capita (current US$),NY.GDP.PCAP.CD,6318.40314031017
Liechtenstein,LIE,Urban population growth (annual %),SP.URB.GROW,1.48251841941363
Liechtenstein,LIE,"Population, total",SP.POP.TOTL,40197
Liechtenstein,LIE,"Fertility rate, total (births per woman)",SP.DYN.TFRT.IN,..
Liechtenstein,LIE,GDP per capita (current US$),NY.GDP.PCAP.CD,..
Lithuania,LTU,Urban population growth (annual %),SP.URB.GROW,0.923580249748532
Lithuania,LTU,"Population, total",SP.POP.TOTL,2888055
Lithuania,LTU,"Fertility rate, total (births per woman)",SP.DYN.TFRT.IN,..
Lithuania,LTU,GDP per capita (current US$),NY.GDP.PCAP.CD,29386.2878350187
Luxembourg,LUX,Urban population growth (annual %),SP.URB.GROW,1.88344441893605
Luxembourg,LUX,"Population, total",SP.POP.TOTL,677717
Luxembourg,LUX,"Fertility rate, total (births per woman)",SP.DYN.TFRT.IN,..
Luxembourg,LUX,GDP per capita (current US$),NY.GDP.PCAP.CD,137516.587324367
"Macao SAR, China",MAC,Urban population growth (annual %),SP.URB.GROW,1.2007758862278
"Macao SAR, China",MAC,"Population, total",SP.POP.TOTL,687000
"Macao SAR, China",MAC,"Fertility rate, total (births per woman)",SP.DYN.TFRT.IN,..
"Macao SAR, China",MAC,GDP per capita (current US$),NY.GDP.PCAP.CD,73046.8890267079
Madagascar,MDG,Urban population growth (annual %),SP.URB.GROW,4.08591552757813
Madagascar,MDG,"Population, total",SP.POP.TOTL,31964956
Madagascar,MDG,"Fertility rate, total (births per woman)",SP.DYN.TFRT.IN,..
Madagascar,MDG,GDP per capita (current US$),NY.GDP.PCAP.CD,544.997302693127
Malawi,MWI,Urban population growth (annual %),SP.URB.GROW,4.30106865693401
Malawi,MWI,"Population, total",SP.POP.TOTL,21655286
Malawi,MWI,"Fertility rate, total (births per woman)",SP.DYN.TFRT.IN,..
Malawi,MWI,GDP per capita (current US$),NY.GDP.PCAP.CD,508.371273531708
Malaysia,MYS,Urban population growth (annual %),SP.URB.GROW,1.83483804898449
Malaysia,MYS,"Population, total",SP.POP.TOTL,35557673
Malaysia,MYS,"Fertility rate, total (births per woman)",SP.DYN.TFRT.IN,..
Malaysia,MYS,GDP per capita (current US$),NY.GDP.PCAP.CD,11867.2586435443
Maldives,MDV,Urban population growth (annual %),SP.URB.GROW,1.37612413886382
Maldives,MDV,"Population, total",SP.POP.TOTL,527799
Maldives,MDV,"Fertility rate, total (births per woman)",SP.DYN.TFRT.IN,..
Maldives,MDV,GDP per capita (current US$),NY.GDP.PCAP.CD,13215.5353637008
Mali,MLI,Urban population growth (annual %),SP.URB.GROW,4.54122192381047
Mali,MLI,"Population, total",SP.POP.TOTL,24478595
Mali,MLI,"Fertility rate, total (births per woman)",SP.DYN.TFRT.IN,..
Mali,MLI,GDP per capita (current US$),NY.GDP.PCAP.CD,1086.1762176779
Malta,MLT,Urban population growth (annual %),SP.URB.GROW,3.9014819711169
Malta,MLT,"Population, total",SP.POP.TOTL,574346
Malta,MLT,"Fertility rate, total (births per woman)",SP.DYN.TFRT.IN,..
Malta,MLT,GDP per capita (current US$),NY.GDP.PCAP.CD,42347.3073860173
Marshall Islands,MHL,Urban population growth (annual %),SP.URB.GROW,-2.91921396683792
Marshall Islands,MHL,"Population, total",SP.POP.TOTL,37548
Marshall Islands,MHL,"Fertility rate, total (births per woman)",SP.DYN.TFRT.IN,..
Marshall Islands,MHL,GDP per capita (current US$),NY.GDP.PCAP.CD,7466.65186507409
Mauritania,MRT,Urban population growth (annual %),SP.URB.GROW,4.19083989495504
Mauritania,MRT,"Population, total",SP.POP.TOTL,5169395
Mauritania,MRT,"Fertility rate, total (births per woman)",SP.DYN.TFRT.IN,..
Mauritania,MRT,GDP per capita (current US$),NY.GDP.PCAP.CD,2082.78374423714
Mauritius,MUS,Urban population growth (annual %),SP.URB.GROW,0.0665345698779699
Mauritius,MUS,"Population, total",SP.POP.TOTL,1259509
Mauritius,MUS,"Fertility rate, total (births per woman)",SP.DYN.TFRT.IN,..
Mauritius,MUS,GDP per capita (current US$),NY.GDP.PCAP.CD,11871.733679438
Mexico,MEX,Urban population growth (annual %),SP.URB.GROW,1.20314137259482
Mexico,MEX,"Population, total",SP.POP.TOTL,130861007
Mexico,MEX,"Fertility rate, total (births per woman)",SP.DYN.TFRT.IN,..
Mexico,MEX,GDP per capita (current US$),NY.GDP.PCAP.CD,14157.9445835849
"Micronesia, Fed. Sts.",FSM,Urban population growth (annual %),SP.URB.GROW,1.21918206690941
"Micronesia, Fed. Sts.",FSM,"Population, total",SP.POP.TOTL,113160
"Micronesia, Fed. Sts.",FSM,"Fertility rate, total (births per woman)",SP.DYN.TFRT.IN,..
"Micronesia, Fed. Sts.",FSM,GDP per capita (current US$),NY.GDP.PCAP.CD,4166.00476748564
Moldova,MDA,Urban population growth (annual %),SP.URB.GROW,-2.30724648574021
Moldova,MDA,"Population, total",SP.POP.TOTL,2389275
Moldova,MDA,"Fertility rate, total (births per woman)",SP.DYN.TFRT.IN,..
Moldova,MDA,GDP per capita (current US$),NY.GDP.PCAP.CD,7617.51613089815
Monaco,MCO,Urban population growth (annual %),SP.URB.GROW,-0.837774113919638
Monaco,MCO,"Population, total",SP.POP.TOTL,38631
Monaco,MCO,"Fertility rate, total (births per woman)",SP.DYN.TFRT.IN,..
Monaco,MCO,GDP per capita (current US$),NY.GDP.PCAP.CD,..
Mongolia,MNG,Urban population growth (annual %),SP.URB.GROW,1.49745022446902
Mongolia,MNG,"Population, total",SP.POP.TOTL,3524788
Mongolia,MNG,"Fertility rate, total (births per woman)",SP.DYN.TFRT.IN,..
Mongolia,MNG,GDP per capita (current US$),NY.GDP.PCAP.CD,6691.48209834228
Montenegro,MNE,Urban population growth (annual %),SP.URB.GROW,0.54052608035804
Montenegro,MNE,"Population, total",SP.POP.TOTL,623831
Montenegro,MNE,"Fertility rate, total (births per woman)",SP.DYN.TFRT.IN,..
Montenegro,MNE,GDP per capita (current US$),NY.GDP.PCAP.CD,12935.4522712126
Morocco,MAR,Urban population growth (annual %),SP.URB.GROW,1.77121669466128
Morocco,MAR,"Population, total",SP.POP.TOTL,38081173
Morocco,MAR,"Fertility rate, total (births per woman)",SP.DYN.TFRT.IN,..
Morocco,MAR,GDP per capita (current US$),NY.GDP.PCAP.CD,3993.38745117188
Mozambique,MOZ,Urban population growth (annual %),SP.URB.GROW,4.38770545499138
Mozambique,MOZ,"Population, total",SP.POP.TOTL,34631766
Mozambique,MOZ,"Fertility rate, total (births per woman)",SP.DYN.TFRT.IN,..
Mozambique,MOZ,GDP per capita (current US$),NY.GDP.PCAP.CD,647.28579950207
Myanmar,MMR,Urban population growth (annual %),SP.URB.GROW,1.78304805428229
Myanmar,MMR,"Population, total",SP.POP.TOTL,54500091
Myanmar,MMR,"Fertility rate, total (births per woman)",SP.DYN.TFRT.IN,..
Myanmar,MMR,GDP per capita (current US$),NY.GDP.PCAP.CD,1359.25961394135
Namibia,NAM,Urban population growth (annual %),SP.URB.GROW,3.87979149424348
Namibia,NAM,"Population, total",SP.POP.TOTL,3030131
Namibia,NAM,"Fertility rate, total (births per woman)",SP.DYN.TFRT.IN,..
Namibia,NAM,GDP per capita (current US$),NY.GDP.PCAP.CD,4413.1274418646
Nauru,NRU,Urban population growth (annual %),SP.URB.GROW,0.604485091438176
Nauru,NRU,"Population, total",SP.POP.TOTL,11947
Nauru,NRU,"Fertility rate, total (births per woman)",SP.DYN.TFRT.IN,..
Nauru,NRU,GDP per capita (current US$),NY.GDP.PCAP.CD,13421.8330584638
Nepal,NPL,Urban population growth (annual %),SP.URB.GROW,1.94504115407114
Nepal,NPL,"Population, total",SP.POP.TOTL,29651054
Nepal,NPL,"Fertility rate, total (births per woman)",SP.DYN.TFRT.IN,..
Nepal,NPL,GDP per capita (current US$),NY.GDP.PCAP.CD,1447.31004458428
Netherlands,NLD,Urban population growth (annual %),SP.URB.GROW,0.946625943836794
Netherlands,NLD,"Population, total",SP.POP.TOTL,17994237
Netherlands,NLD,"Fertility rate, total (births per woman)",SP.DYN.TFRT.IN,..
Netherlands,NLD,GDP per capita (current US$),NY.GDP.PCAP.CD,68218.7261019406
New Caledonia,NCL,Urban population growth (annual %),SP.URB.GROW,1.4814457897884
New Caledonia,NCL,"Population, total",SP.POP.TOTL,292639
New Caledonia,NCL,"Fertility rate, total (births per woman)",SP.DYN.TFRT.IN,..
New Caledonia,NCL,GDP per capita (current US$),NY.GDP.PCAP.CD,..
New Zealand,NZL,Urban population growth (annual %),SP.URB.GROW,1.88873790729625
New Zealand,NZL,"Population, total",SP.POP.TOTL,5338500
New Zealand,NZL,"Fertility rate, total (births per woman)",SP.DYN.TFRT.IN,..
New Zealand,NZL,GDP per capita (current US$),NY.GDP.PCAP.CD,48747.0136853042
Nicaragua,NIC,Urban population growth (annual %),SP.URB.GROW,1.85685858800569
Nicaragua,NIC,"Population, total",SP.POP.TOTL,6916140
Nicaragua,NIC,"Fertility rate, total (births per woman)",SP.DYN.TFRT.IN,..
Nicaragua,NIC,GDP per capita (current US$),NY.GDP.PCAP.CD,2847.53966339498
Niger,NER,Urban population growth (annual %),SP.URB.GROW,4.31933743088246
Niger,NER,"Population, total",SP.POP.TOTL,27032412
Niger,NER,"Fertility rate, total (births per woman)",SP.DYN.TFRT.IN,..
Niger,NER,GDP per capita (current US$),NY.GDP.PCAP.CD,722.748650326257
Nigeria,NGA,Urban population growth (annual %),SP.URB.GROW,3.44971685567002
Nigeria,NGA,"Population, total",SP.POP.TOTL,232679478
Nigeria,NGA,"Fertility rate, total (births per woman)",SP.DYN.TFRT.IN,..
Nigeria,NGA,GDP per capita (current US$),NY.GDP.PCAP.CD,806.945695055244
North Macedonia,MKD,Urban population growth (annual %),SP.URB.GROW,-1.31708220597118
North Macedonia,MKD,"Population, total",SP.POP.TOTL,1792179
North Macedonia,MKD,"Fertility rate, total (births per woman)",SP.DYN.TFRT.IN,..
North Macedonia,MKD,GDP per capita (current US$),NY.GDP.PCAP.CD,9310.02790015256
Northern Mariana Islands,MNP,Urban population growth (annual %),SP.URB.GROW,-1.83308724812915
Northern Mariana Islands,MNP,"Population, total",SP.POP.TOTL,44278
Northern Mariana Islands,MNP,"Fertility rate, total (births per woman)",SP.DYN.TFRT.IN,..
Northern Mariana Islands,MNP,GDP per capita (current US$),NY.GDP.PCAP.CD,..
Norway,NOR,Urban population growth (annual %),SP.URB.GROW,1.33365863013309
Norway,NOR,"Population, total",SP.POP.TOTL,5572272
Norway,NOR,"Fertility rate, total (births per woman)",SP.DYN.TFRT.IN,..
Norway,NOR,GDP per capita (current US$),NY.GDP.PCAP.CD,86809.7246897431
Oman,OMN,Urban population growth (annual %),SP.URB.GROW,5.17157048090877
Oman,OMN,"Population, total",SP.POP.TOTL,5281538
Oman,OMN,"Fertility rate, total (births per woman)",SP.DYN.TFRT.IN,..
Oman,OMN,GDP per capita (current US$),NY.GDP.PCAP.CD,20248.4168124608
Pakistan,PAK,Urban population growth (annual %),SP.URB.GROW,2.36033369009023
Pakistan,PAK,"Population, total",SP.POP.TOTL,251269164
Pakistan,PAK,"Fertility rate, total (births per woman)",SP.DYN.TFRT.IN,..
Pakistan,PAK,GDP per capita (current US$),NY.GDP.PCAP.CD,1484.74985864775
Palau,PLW,Urban population growth (annual %),SP.URB.GROW,0.341693765104579
Palau,PLW,"Population, total",SP.POP.TOTL,17695
Palau,PLW,"Fertility rate, total (births per woman)",SP.DYN.TFRT.IN,..
Palau,PLW,GDP per capita (current US$),NY.GDP.PCAP.CD,..
Panama,PAN,Urban population growth (annual %),SP.URB.GROW,1.80567728791701
Panama,PAN,"Population, total",SP.POP.TOTL,4515577
Panama,PAN,"Fertility rate, total (births per woman)",SP.DYN.TFRT.IN,..
Panama,PAN,GDP per capita (current US$),NY.GDP.PCAP.CD,19102.8521936399
Papua New Guinea,PNG,Urban population growth (annual %),SP.URB.GROW,2.92011730366921
Papua New Guinea,PNG,"Population, total",SP.POP.TOTL,10576502
Papua New Guinea,PNG,"Fertility rate, total (births per woman)",SP.DYN.TFRT.IN,..
Papua New Guinea,PNG,GDP per capita (current US$),NY.GDP.PCAP.CD,3076.48786186584
Paraguay,PRY,Urban population growth (annual %),SP.URB.GROW,1.77135000240791
Paraguay,PRY,"Population, total",SP.POP.TOTL,6929153
Paraguay,PRY,"Fertility rate, total (births per woman)",SP.DYN.TFRT.IN,..
Paraguay,PRY,GDP per capita (current US$),NY.GDP.PCAP.CD,6416.09709002917
Peru,PER,Urban population growth (annual %),SP.URB.GROW,1.36836527702128
Peru,PER,"Population, total",SP.POP.TOTL,34217848
Peru,PER,"Fertility rate, total (births per woman)",SP.DYN.TFRT.IN,..
Peru,PER,GDP per capita (current US$),NY.GDP.PCAP.CD,8452.37167047598
Philippines,PHL,Urban population growth (annual %),SP.URB.GROW,1.50052162940451
Philippines,PHL,"Population, total",SP.POP.TOTL,115843670
Philippines,PHL,"Fertility rate, total (births per woman)",SP.DYN.TFRT.IN,..
Philippines,PHL,GDP per capita (current US$),NY.GDP.PCAP.CD,3984.8315387656
Poland,POL,Urban population growth (annual %),SP.URB.GROW,-0.176392637156736
Poland,POL,"Population, total",SP.POP.TOTL,36554707
Poland,POL,"Fertility rate, total (births per woman)",SP.DYN.TFRT.IN,..
Poland,POL,GDP per capita (current US$),NY.GDP.PCAP.CD,25022.6716445953
Portugal,PRT,Urban population growth (annual %),SP.URB.GROW,1.91883573116931
Portugal,PRT,"Population, total",SP.POP.TOTL,10701636
Portugal,PRT,"Fertility rate, total (births per woman)",SP.DYN.TFRT.IN,..
Portugal,PRT,GDP per capita (current US$),NY.GDP.PCAP.CD,28844.4979246799
Puerto Rico (US),PRI,Urban population growth (annual %),SP.URB.GROW,0.0164995243011451
Puerto Rico (US),PRI,"Population, total",SP.POP.TOTL,3203295
Puerto Rico (US),PRI,"Fertility rate, total (births per woman)",SP.DYN.TFRT.IN,..
Puerto Rico (US),PRI,GDP per capita (current US$),NY.GDP.PCAP.CD,39285.0174585856
Qatar,QAT,Urban population growth (annual %),SP.URB.GROW,7.35587776747717
Qatar,QAT,"Population, total",SP.POP.TOTL,2857822
Qatar,QAT,"Fertility rate, total (births per woman)",SP.DYN.TFRT.IN,..
Qatar,QAT,GDP per capita (current US$),NY.GDP.PCAP.CD,76275.9076782833
Romania,ROU,Urban population growth (annual %),SP.URB.GROW,0.431458892013842
Romania,ROU,"Population, total",SP.POP.TOTL,19069340
Romania,ROU,"Fertility rate, total (births per woman)",SP.DYN.TFRT.IN,..
Romania,ROU,GDP per capita (current US$),NY.GDP.PCAP.CD,20072.4079244042
Russian Federation,RUS,Urban population growth (annual %),SP.URB.GROW,0.0842244706528432
Russian Federation,RUS,"Population, total",SP.POP.TOTL,143533851
Russian Federation,RUS,"Fertility rate, total (births per woman)",SP.DYN.TFRT.IN,..
Russian Federation,RUS,GDP per capita (current US$),NY.GDP.PCAP.CD,14889.0185546875
Rwanda,RWA,Urban population growth (annual %),SP.URB.GROW,3.19256888917772
Rwanda,RWA,"Population, total",SP.POP.TOTL,14256567
Rwanda,RWA,"Fertility rate, total (births per woman)",SP.DYN.TFRT.IN,..
Rwanda,RWA,GDP per capita (current US$),NY.GDP.PCAP.CD,999.654561402699
Samoa,WSM,Urban population growth (annual %),SP.URB.GROW,0.121192975103533
Samoa,WSM,"Population, total",SP.POP.TOTL,218019
Samoa,WSM,"Fertility rate, total (births per woman)",SP.DYN.TFRT.IN,..
Samoa,WSM,GDP per capita (current US$),NY.GDP.PCAP.CD,4898.77140817676
San Marino,SMR,Urban population growth (annual %),SP.URB.GROW,0.442765139531347
San Marino,SMR,"Population, total",SP.POP.TOTL,33977
San Marino,SMR,"Fertility rate, total (births per woman)",SP.DYN.TFRT.IN,..
San Marino,SMR,GDP per capita (current US$),NY.GDP.PCAP.CD,..
Sao Tome and Principe,STP,Urban population growth (annual %),SP.URB.GROW,2.79963726734165
Sao Tome and Principe,STP,"Population, total",SP.POP.TOTL,235536
Sao Tome and Principe,STP,"Fertility rate, total (births per woman)",SP.DYN.TFRT.IN,..
Sao Tome and Principe,STP,GDP per capita (current US$),NY.GDP.PCAP.CD,3244.82899741459
Saudi Arabia,SAU,Urban population growth (annual %),SP.URB.GROW,4.89101589915873
Saudi Arabia,SAU,"Population, total",SP.POP.TOTL,35300280
Saudi Arabia,SAU,"Fertility rate, total (births per woman)",SP.DYN.TFRT.IN,..
Saudi Arabia,SAU,GDP per capita (current US$),NY.GDP.PCAP.CD,35057.2252306969
Senegal,SEN,Urban population growth (annual %),SP.URB.GROW,3.3260265526015
Senegal,SEN,"Population, total",SP.POP.TOTL,18501984
Senegal,SEN,"Fertility rate, total (births per woman)",SP.DYN.TFRT.IN,..
Senegal,SEN,GDP per capita (current US$),NY.GDP.PCAP.CD,1743.98888384359
Serbia,SRB,Urban population growth (annual %),SP.URB.GROW,-0.0940247043453342
Serbia,SRB,"Population, total",SP.POP.TOTL,6587202
Serbia,SRB,"Fertility rate, total (births per woman)",SP.DYN.TFRT.IN,..
Serbia,SRB,GDP per capita (current US$),NY.GDP.PCAP.CD,13523.7246826854
Seychelles,SYC,Urban population growth (annual %),SP.URB.GROW,2.02756642018783
Seychelles,SYC,"Population, total",SP.POP.TOTL,121354
Seychelles,SYC,"Fertility rate, total (births per woman)",SP.DYN.TFRT.IN,..
Seychelles,SYC,GDP per capita (current US$),NY.GDP.PCAP.CD,17858.8226383978
Sierra Leone,SLE,Urban population growth (annual %),SP.URB.GROW,3.19814366026277
Sierra Leone,SLE,"Population, total",SP.POP.TOTL,8642022
Sierra Leone,SLE,"Fertility rate, total (births per woman)",SP.DYN.TFRT.IN,..
Sierra Leone,SLE,GDP per capita (current US$),NY.GDP.PCAP.CD,873.388575182318
Singapore,SGP,Urban population growth (annual %),SP.URB.GROW,1.99449365639326
Singapore,SGP,"Population, total",SP.POP.TOTL,6036860
Singapore,SGP,"Fertility rate, total (births per woman)",SP.DYN.TFRT.IN,..
Singapore,SGP,GDP per capita (current US$),NY.GDP.PCAP.CD,90674.066632628
Sint Maarten (Dutch part),SXM,Urban population growth (annual %),SP.URB.GROW,1.39608999302398
Sint Maarten (Dutch part),SXM,"Population, total",SP.POP.TOTL,43350
Sint Maarten (Dutch part),SXM,"Fertility rate, total (births per woman)",SP.DYN.TFRT.IN,..
Sint Maarten (Dutch part),SXM,GDP per capita (current US$),NY.GDP.PCAP.CD,40027.9175992113
Slovak Republic,SVK,Urban population growth (annual %),SP.URB.GROW,0.181900387308457
Slovak Republic,SVK,"Population, total",SP.POP.TOTL,5422069
Slovak Republic,SVK,"Fertility rate, total (births per woman)",SP.DYN.TFRT.IN,..
Slovak Republic,SVK,GDP per capita (current US$),NY.GDP.PCAP.CD,26147.9028430133
Slovenia,SVN,Urban population growth (annual %),SP.URB.GROW,0.898231059174394
Slovenia,SVN,"Population, total",SP.POP.TOTL,2126324
Slovenia,SVN,"Fertility rate, total (births per woman)",SP.DYN.TFRT.IN,..
Slovenia,SVN,GDP per capita (current US$),NY.GDP.PCAP.CD,34089.3527652778
Solomon Islands,SLB,Urban population growth (annual %),SP.URB.GROW,4.08817151525319
Solomon Islands,SLB,"Population, total",SP.POP.TOTL,819198
Solomon Islands,SLB,"Fertility rate, total (births per woman)",SP.DYN.TFRT.IN,..
Solomon Islands,SLB,GDP per capita (current US$),NY.GDP.PCAP.CD,2149.37957267304
Somalia,SOM,Urban population growth (annual %),SP.URB.GROW,4.72441060423926
Somalia,SOM,"Population, total",SP.POP.TOTL,19009151
Somalia,SOM,"Fertility rate, total (births per woman)",SP.DYN.TFRT.IN,..
Somalia,SOM,GDP per capita (current US$),NY.GDP.PCAP.CD,636.983477589273
South Africa,ZAF,Urban population growth (annual %),SP.URB.GROW,1.94312982083253
South Africa,ZAF,"Population, total",SP.POP.TOTL,64007187
South Africa,ZAF,"Fertility rate, total (births per woman)",SP.DYN.TFRT.IN,..
South Africa,ZAF,GDP per capita (current US$),NY.GDP.PCAP.CD,6253.37158194543
South Sudan,SSD,Urban population growth (annual %),SP.URB.GROW,5.63538258159784
South Sudan,SSD,"Population, total",SP.POP.TOTL,11943408
South Sudan,SSD,"Fertility rate, total (births per woman)",SP.DYN.TFRT.IN,..
South Sudan,SSD,GDP per capita (current US$),NY.GDP.PCAP.CD,..
Spain,ESP,Urban population growth (annual %),SP.URB.GROW,1.25143809575998
Spain,ESP,"Population, total",SP.POP.TOTL,48807137
Spain,ESP,"Fertility rate, total (births per woman)",SP.DYN.TFRT.IN,..
Spain,ESP,GDP per capita (current US$),NY.GDP.PCAP.CD,35297.0094995565
Sri Lanka,LKA,Urban population growth (annual %),SP.URB.GROW,0.510866152385044
Sri Lanka,LKA,"Population, total",SP.POP.TOTL,21916000
Sri Lanka,LKA,"Fertility rate, total (births per woman)",SP.DYN.TFRT.IN,..
Sri Lanka,LKA,GDP per capita (current US$),NY.GDP.PCAP.CD,4515.56787322732
St. Kitts and Nevis,KNA,Urban population growth (annual %),SP.URB.GROW,0.582892101254693
St. Kitts and Nevis,KNA,"Population, total",SP.POP.TOTL,46843
St. Kitts and Nevis,KNA,"Fertility rate, total (births per woman)",SP.DYN.TFRT.IN,..
St. Kitts and Nevis,KNA,GDP per capita (current US$),NY.GDP.PCAP.CD,22771.4168922033
St. Lucia,LCA,Urban population growth (annual %),SP.URB.GROW,0.949713250544823
St. Lucia,LCA,"Population, total",SP.POP.TOTL,179744
St. Lucia,LCA,"Fertility rate, total (births per woman)",SP.DYN.TFRT.IN,..
St. Lucia,LCA,GDP per capita (current US$),NY.GDP.PCAP.CD,14181.6303351598
St. Martin (French part),MAF,Urban population growth (annual %),SP.URB.GROW,..
St. Martin (French part),MAF,"Population, total",SP.POP.TOTL,26129
St. Martin (French part),MAF,"Fertility rate, total (births per woman)",SP.DYN.TFRT.IN,..
St. Martin (French part),MAF,GDP per capita (current US$),NY.GDP.PCAP.CD,..
St. Vincent and the Grenadines,VCT,Urban population growth (annual %),SP.URB.GROW,0.0817594682123322
St. Vincent and the Grenadines,VCT,"Population, total",SP.POP.TOTL,100616
St. Vincent and the Grenadines,VCT,"Fertility rate, total (births per woman)",SP.DYN.TFRT.IN,..
St. Vincent and the Grenadines,VCT,GDP per capita (current US$),NY.GDP.PCAP.CD,11501.2265187188
Sudan,SDN,Urban population growth (annual %),SP.URB.GROW,1.93022930430759
Sudan,SDN,"Population, total",SP.POP.TOTL,50448963
Sudan,SDN,"Fertility rate, total (births per woman)",SP.DYN.TFRT.IN,..
Sudan,SDN,GDP per capita (current US$),NY.GDP.PCAP.CD,989.312866210938
Suriname,SUR,Urban population growth (annual %),SP.URB.GROW,1.0615100478793
Suriname,SUR,"Population, total",SP.POP.TOTL,634431
Suriname,SUR,"Fertility rate, total (births per woman)",SP.DYN.TFRT.IN,..
Suriname,SUR,GDP per capita (current US$),NY.GDP.PCAP.CD,7430.70219176443
Sweden,SWE,Urban population growth (annual %),SP.URB.GROW,0.581270101200291
Sweden,SWE,"Population, total",SP.POP.TOTL,10569709
Sweden,SWE,"Fertility rate, total (births per woman)",SP.DYN.TFRT.IN,..
Sweden,SWE,GDP per capita (current US$),NY.GDP.PCAP.CD,57723.2345031532
Switzerland,CHE,Urban population growth (annual %),SP.URB.GROW,1.79771511632462
Switzerland,CHE,"Population, total",SP.POP.TOTL,9034102
Switzerland,CHE,"Fertility rate, total (births per woman)",SP.DYN.TFRT.IN,..
Switzerland,CHE,GDP per capita (current US$),NY.GDP.PCAP.CD,103669.872008144
Syrian Arab Republic,SYR,Urban population growth (annual %),SP.URB.GROW,5.56812338133909
Syrian Arab Republic,SYR,"Population, total",SP.POP.TOTL,24672760
Syrian Arab Republic,SYR,"Fertility rate, total (births per woman)",SP.DYN.TFRT.IN,..
Syrian Arab Republic,SYR,GDP per capita (current US$),NY.GDP.PCAP.CD,..
Tajikistan,TJK,Urban population growth (annual %),SP.URB.GROW,2.93569986153294
Tajikistan,TJK,"Population, total",SP.POP.TOTL,10590927
Tajikistan,TJK,"Fertility rate, total (births per woman)",SP.DYN.TFRT.IN,..
Tajikistan,TJK,GDP per capita (current US$),NY.GDP.PCAP.CD,1341.20229027672
Tanzania,TZA,Urban population growth (annual %),SP.URB.GROW,4.79900590670818
Tanzania,TZA,"Population, total",SP.POP.TOTL,68560157
Tanzania,TZA,"Fertility rate, total (births per woman)",SP.DYN.TFRT.IN,..
Tanzania,TZA,GDP per capita (current US$),NY.GDP.PCAP.CD,1185.74548339844
Thailand,THA,Urban population growth (annual %),SP.URB.GROW,1.27139821676828
Thailand,THA,"Population, total",SP.POP.TOTL,71668011
Thailand,THA,"Fertility rate, total (births per woman)",SP.DYN.TFRT.IN,..
Thailand,THA,GDP per capita (current US$),NY.GDP.PCAP.CD,7345.13569000377
Timor-Leste,TLS,Urban population growth (annual %),SP.URB.GROW,2.35669371559397
Timor-Leste,TLS,"Population, total",SP.POP.TOTL,1400638
Timor-Leste,TLS,"Fertility rate, total (births per woman)",SP.DYN.TFRT.IN,..
Timor-Leste,TLS,GDP per capita (current US$),NY.GDP.PCAP.CD,1343.14886031844
Togo,TGO,Urban population growth (annual %),SP.URB.GROW,3.52328228088991
Togo,TGO,"Population, total",SP.POP.TOTL,9515236
Togo,TGO,"Fertility rate, total (births per woman)",SP.DYN.TFRT.IN,..
Togo,TGO,GDP per capita (current US$),NY.GDP.PCAP.CD,1043.14092889765
Tonga,TON,Urban population growth (annual %),SP.URB.GROW,-0.190066993835604
Tonga,TON,"Population, total",SP.POP.TOTL,104175
Tonga,TON,"Fertility rate, total (births per woman)",SP.DYN.TFRT.IN,..
Tonga,TON,GDP per capita (current US$),NY.GDP.PCAP.CD,..
Trinidad and Tobago,TTO,Urban population growth (annual %),SP.URB.GROW,0.290088753538807
Trinidad and Tobago,TTO,"Population, total",SP.POP.TOTL,1368333
Trinidad and Tobago,TTO,"Fertility rate, total (births per woman)",SP.DYN.TFRT.IN,..
Trinidad and Tobago,TTO,GDP per capita (current US$),NY.GDP.PCAP.CD,19314.7163432664
Tunisia,TUN,Urban population growth (annual %),SP.URB.GROW,1.10168916138058
Tunisia,TUN,"Population, total",SP.POP.TOTL,12277109
Tunisia,TUN,"Fertility rate, total (births per woman)",SP.DYN.TFRT.IN,..
Tunisia,TUN,GDP per capita (current US$),NY.GDP.PCAP.CD,4350.3717971875
Turkiye,TUR,Urban population growth (annual %),SP.URB.GROW,0.779150192091715
Turkiye,TUR,"Population, total",SP.POP.TOTL,85518661
Turkiye,TUR,"Fertility rate, total (births per woman)",SP.DYN.TFRT.IN,..
Turkiye,TUR,GDP per capita (current US$),NY.GDP.PCAP.CD,15473.2872636856
Turkmenistan,TKM,Urban population growth (annual %),SP.URB.GROW,2.71078743440228
Turkmenistan,TKM,"Population, total",SP.POP.TOTL,7494498
Turkmenistan,TKM,"Fertility rate, total (births per woman)",SP.DYN.TFRT.IN,..
Turkmenistan,TKM,GDP per capita (current US$),NY.GDP.PCAP.CD,8571.60702949432
Turks and Caicos Islands,TCA,Urban population growth (annual %),SP.URB.GROW,0.923604023391799
Turks and Caicos Islands,TCA,"Population, total",SP.POP.TOTL,46535
Turks and Caicos Islands,TCA,"Fertility rate, total (births per woman)",SP.DYN.TFRT.IN,..
Turks and Caicos Islands,TCA,GDP per capita (current US$),NY.GDP.PCAP.CD,37506.7798431288
Tuvalu,TUV,Urban population growth (annual %),SP.URB.GROW,-0.70998909140659
Tuvalu,TUV,"Population, total",SP.POP.TOTL,9646
Tuvalu,TUV,"Fertility rate, total (births per woman)",SP.DYN.TFRT.IN,..
Tuvalu,TUV,GDP per capita (current US$),NY.GDP.PCAP.CD,..
Uganda,UGA,Urban population growth (annual %),SP.URB.GROW,5.03595842729182
Uganda,UGA,"Population, total",SP.POP.TOTL,50015092
Uganda,UGA,"Fertility rate, total (births per woman)",SP.DYN.TFRT.IN,..
Uganda,UGA,GDP per capita (current US$),NY.GDP.PCAP.CD,1072.71369837695
Ukraine,UKR,Urban population growth (annual %),SP.URB.GROW,0.606302347210976
Ukraine,UKR,"Population, total",SP.POP.TOTL,37860221
Ukraine,UKR,"Fertility rate, total (births per woman)",SP.DYN.TFRT.IN,..
Ukraine,UKR,GDP per capita (current US$),NY.GDP.PCAP.CD,5389.47314453125
United Arab Emirates,ARE,Urban population growth (annual %),SP.URB.GROW,3.94275453674315
United Arab Emirates,ARE,"Population, total",SP.POP.TOTL,10876981
United Arab Emirates,ARE,"Fertility rate, total (births per woman)",SP.DYN.TFRT.IN,..
United Arab Emirates,ARE,GDP per capita (current US$),NY.GDP.PCAP.CD,49377.5643384379
United Kingdom,GBR,Urban population growth (annual %),SP.URB.GROW,1.3514582215665
United Kingdom,GBR,"Population, total",SP.POP.TOTL,69226000
United Kingdom,GBR,"Fertility rate, total (births per woman)",SP.DYN.TFRT.IN,..
United Kingdom,GBR,GDP per capita (current US$),NY.GDP.PCAP.CD,52636.7865943853
United States,USA,Urban population growth (annual %),SP.URB.GROW,1.23659363787414
United States,USA,"Population, total",SP.POP.TOTL,340110988
United States,USA,"Fertility rate, total (births per woman)",SP.DYN.TFRT.IN,..
United States,USA,GDP per capita (current US$),NY.GDP.PCAP.CD,85809.9003846356
Uruguay,URY,Urban population growth (annual %),SP.URB.GROW,0.0404565712858641
Uruguay,URY,"Population, total",SP.POP.TOTL,3386588
Uruguay,URY,"Fertility rate, total (births per woman)",SP.DYN.TFRT.IN,..
Uruguay,URY,GDP per capita (current US$),NY.GDP.PCAP.CD,23906.5133029408
Uzbekistan,UZB,Urban population growth (annual %),SP.URB.GROW,2.15650193979521
Uzbekistan,UZB,"Population, total",SP.POP.TOTL,36361859
Uzbekistan,UZB,"Fertility rate, total (births per woman)",SP.DYN.TFRT.IN,..
Uzbekistan,UZB,GDP per capita (current US$),NY.GDP.PCAP.CD,3161.70010632875
Vanuatu,VUT,Urban population growth (annual %),SP.URB.GROW,2.93036541729069
Vanuatu,VUT,"Population, total",SP.POP.TOTL,327777
Vanuatu,VUT,"Fertility rate, total (births per woman)",SP.DYN.TFRT.IN,..
Vanuatu,VUT,GDP per capita (current US$),NY.GDP.PCAP.CD,3542.81071592874
"Venezuela, RB",VEN,Urban population growth (annual %),SP.URB.GROW,0.444964445346864
"Venezuela, RB",VEN,"Population, total",SP.POP.TOTL,28405543
"Venezuela, RB",VEN,"Fertility rate, total (births per woman)",SP.DYN.TFRT.IN,..
"Venezuela, RB",VEN,GDP per capita (current US$),NY.GDP.PCAP.CD,..
Viet Nam,VNM,Urban population growth (annual %),SP.URB.GROW,2.42610658649119
Viet Nam,VNM,"Population, total",SP.POP.TOTL,100987686
Viet Nam,VNM,"Fertility rate, total (births per woman)",SP.DYN.TFRT.IN,..
Viet Nam,VNM,GDP per capita (current US$),NY.GDP.PCAP.CD,4717.29028732449
Virgin Islands (U.S.),VIR,Urban population growth (annual %),SP.URB.GROW,-0.424839835368355
Virgin Islands (U.S.),VIR,"Population, total",SP.POP.TOTL,104377
Virgin Islands (U.S.),VIR,"Fertility rate, total (births per woman)",SP.DYN.TFRT.IN,..
Virgin Islands (U.S.),VIR,GDP per capita (current US$),NY.GDP.PCAP.CD,..
West Bank and Gaza,PSE,Urban population growth (annual %),SP.URB.GROW,2.73979221618127
West Bank and Gaza,PSE,"Population, total",SP.POP.TOTL,5289152
West Bank and Gaza,PSE,"Fertility rate, total (births per woman)",SP.DYN.TFRT.IN,..
West Bank and Gaza,PSE,GDP per capita (current US$),NY.GDP.PCAP.CD,2592.30591217647
"Yemen, Rep.",YEM,Urban population growth (annual %),SP.URB.GROW,4.59094394149364
"Yemen, Rep.",YEM,"Population, total",SP.POP.TOTL,40583164
"Yemen, Rep.",YEM,"Fertility rate, total (births per woman)",SP.DYN.TFRT.IN,..
"Yemen, Rep.",YEM,GDP per capita (current US$),NY.GDP.PCAP.CD,433.174015068148
Zambia,ZMB,Urban population growth (annual %),SP.URB.GROW,4.05367224310943
Zambia,ZMB,"Population, total",SP.POP.TOTL,21314956
Zambia,ZMB,"Fertility rate, total (births per woman)",SP.DYN.TFRT.IN,..
Zambia,ZMB,GDP per capita (current US$),NY.GDP.PCAP.CD,1235.08466482514
Zimbabwe,ZWE,Urban population growth (annual %),SP.URB.GROW,2.24990987115322
Zimbabwe,ZWE,"Population, total",SP.POP.TOTL,16634373
Zimbabwe,ZWE,"Fertility rate, total (births per woman)",SP.DYN.TFRT.IN,..
Zimbabwe,ZWE,GDP per capita (current US$),NY.GDP.PCAP.CD,2656.40937654332
Africa Eastern and Southern,AFE,Urban population growth (annual %),SP.URB.GROW,3.8279741716781
Africa Eastern and Southern,AFE,"Population, total",SP.POP.TOTL,769294618
Africa Eastern and Southern,AFE,"Fertility rate, total (births per woman)",SP.DYN.TFRT.IN,..
Africa Eastern and Southern,AFE,GDP per capita (current US$),NY.GDP.PCAP.CD,1673.84113878039
Africa Western and Central,AFW,Urban population growth (annual %),SP.URB.GROW,3.53807614076175
Africa Western and Central,AFW,"Population, total",SP.POP.TOTL,521764076
Africa Western and Central,AFW,"Fertility rate, total (births per woman)",SP.DYN.TFRT.IN,..
Africa Western and Central,AFW,GDP per capita (current US$),NY.GDP.PCAP.CD,1284.15444092323
Arab World,ARB,Urban population growth (annual %),SP.URB.GROW,2.84740403505953
Arab World,ARB,"Population, total",SP.POP.TOTL,492579811
Arab World,ARB,"Fertility rate, total (births per woman)",SP.DYN.TFRT.IN,..
Arab World,ARB,GDP per capita (current US$),NY.GDP.PCAP.CD,7521.15330929761
Caribbean small states,CSS,Urban population growth (annual %),SP.URB.GROW,0.73294329140826
Caribbean small states,CSS,"Population, total",SP.POP.TOTL,4539060
Caribbean small states,CSS,"Fertility rate, total (births per woman)",SP.DYN.TFRT.IN,..
Caribbean small states,CSS,GDP per capita (current US$),NY.GDP.PCAP.CD,20173.9564746676
Central Europe and the Baltics,CEB,Urban population growth (annual %),SP.URB.GROW,0.185357562899843
Central Europe and the Baltics,CEB,"Population, total",SP.POP.TOTL,100050066
Central Europe and the Baltics,CEB,"Fertility rate, total (births per woman)",SP.DYN.TFRT.IN,..
Central Europe and the Baltics,CEB,GDP per capita (current US$),NY.GDP.PCAP.CD,24543.3040551654
Early-demographic dividend,EAR,Urban population growth (annual %),SP.URB.GROW,2.10080637294029
Early-demographic dividend,EAR,"Population, total",SP.POP.TOTL,3552278604
Early-demographic dividend,EAR,"Fertility rate, total (births per woman)",SP.DYN.TFRT.IN,..
Early-demographic dividend,EAR,GDP per capita (current US$),NY.GDP.PCAP.CD,4529.82686738144
East Asia & Pacific,EAS,Urban population growth (annual %),SP.URB.GROW,1.31275375052169
East Asia & Pacific,EAS,"Population, total",SP.POP.TOTL,2388378491
East Asia & Pacific,EAS,"Fertility rate, total (births per woman)",SP.DYN.TFRT.IN,..
East Asia & Pacific,EAS,GDP per capita (current US$),NY.GDP.PCAP.CD,13349.0833109152
East Asia & Pacific (excluding high income),EAP,Urban population growth (annual %),SP.URB.GROW,1.49525259043265
East Asia & Pacific (excluding high income),EAP,"Population, total",SP.POP.TOTL,2141122258
East Asia & Pacific (excluding high income),EAP,"Fertility rate, total (births per woman)",SP.DYN.TFRT.IN,..
East Asia & Pacific (excluding high income),EAP,GDP per capita (current US$),NY.GDP.PCAP.CD,10396.8255168912
East Asia & Pacific (IDA & IBRD countries),TEA,Urban population growth (annual %),SP.URB.GROW,1.50464668981548
East Asia & Pacific (IDA & IBRD countries),TEA,"Population, total",SP.POP.TOTL,2114653077
East Asia & Pacific (IDA & IBRD countries),TEA,"Fertility rate, total (births per woman)",SP.DYN.TFRT.IN,..
East Asia & Pacific (IDA & IBRD countries),TEA,GDP per capita (current US$),NY.GDP.PCAP.CD,10513.9755660123
Euro area,EMU,Urban population growth (annual %),SP.URB.GROW,0.556026575328572
Euro area,EMU,"Population, total",SP.POP.TOTL,351125804
Euro area,EMU,"Fertility rate, total (births per woman)",SP.DYN.TFRT.IN,..
Euro area,EMU,GDP per capita (current US$),NY.GDP.PCAP.CD,46724.355622795
Europe & Central Asia,ECS,Urban population growth (annual %),SP.URB.GROW,0.63986871095067
Europe & Central Asia,ECS,"Population, total",SP.POP.TOTL,928465742
Europe & Central Asia,ECS,"Fertility rate, total (births per woman)",SP.DYN.TFRT.IN,..
Europe & Central Asia,ECS,GDP per capita (current US$),NY.GDP.PCAP.CD,31392.581963732
Europe & Central Asia (excluding high income),ECA,Urban population growth (annual %),SP.URB.GROW,1.00820971293074
Europe & Central Asia (excluding high income),ECA,"Population, total",SP.POP.TOTL,250485944
Europe & Central Asia (excluding high income),ECA,"Fertility rate, total (births per woman)",SP.DYN.TFRT.IN,..
Europe & Central Asia (excluding high income),ECA,GDP per capita (current US$),NY.GDP.PCAP.CD,9668.56270854153
Europe & Central Asia (IDA & IBRD countries),TEC,Urban population growth (annual %),SP.URB.GROW,0.567403372213867
Europe & Central Asia (IDA & IBRD countries),TEC,"Population, total",SP.POP.TOTL,459954508
Europe & Central Asia (IDA & IBRD countries),TEC,"Fertility rate, total (births per woman)",SP.DYN.TFRT.IN,..
Europe & Central Asia (IDA & IBRD countries),TEC,GDP per capita (current US$),NY.GDP.PCAP.CD,13257.56545104
European Union,EUU,Urban population growth (annual %),SP.URB.GROW,0.492472485399103
European Union,EUU,"Population, total",SP.POP.TOTL,450185396
European Union,EUU,"Fertility rate, total (births per woman)",SP.DYN.TFRT.IN,..
European Union,EUU,GDP per capita (current US$),NY.GDP.PCAP.CD,43145.1566930223
Fragile and conflict affected situations,FCS,Urban population growth (annual %),SP.URB.GROW,3.31823232971862
Fragile and conflict affected situations,FCS,"Population, total",SP.POP.TOTL,1083294896
Fragile and conflict affected situations,FCS,"Fertility rate, total (births per woman)",SP.DYN.TFRT.IN,..
Fragile and conflict affected situations,FCS,GDP per capita (current US$),NY.GDP.PCAP.CD,1690.97291408665
Heavily indebted poor countries (HIPC),HPC,Urban population growth (annual %),SP.URB.GROW,3.91248807242267
Heavily indebted poor countries (HIPC),HPC,"Population, total",SP.POP.TOTL,941413026
Heavily indebted poor countries (HIPC),HPC,"Fertility rate, total (births per woman)",SP.DYN.TFRT.IN,..
Heavily indebted poor countries (HIPC),HPC,GDP per capita (current US$),NY.GDP.PCAP.CD,1272.36066941335
High income,HIC,Urban population growth (annual %),SP.URB.GROW,0.916175468917644
High income,HIC,"Population, total",SP.POP.TOTL,1417871275
High income,HIC,"Fertility rate, total (births per woman)",SP.DYN.TFRT.IN,..
High income,HIC,GDP per capita (current US$),NY.GDP.PCAP.CD,50443.9276011317
IBRD only,IBD,Urban population growth (annual %),SP.URB.GROW,1.49397689937651
IBRD only,IBD,"Population, total",SP.POP.TOTL,4979720059
IBRD only,IBD,"Fertility rate, total (births per woman)",SP.DYN.TFRT.IN,..
IBRD only,IBD,GDP per capita (current US$),NY.GDP.PCAP.CD,8253.92125275536
IDA & IBRD total,IBT,Urban population growth (annual %),SP.URB.GROW,1.9056902619414
IDA & IBRD total,IBT,"Population, total",SP.POP.TOTL,6926456321
IDA & IBRD total,IBT,"Fertility rate, total (births per woman)",SP.DYN.TFRT.IN,..
IDA & IBRD total,IBT,GDP per capita (current US$),NY.GDP.PCAP.CD,6351.48106277471
IDA blend,IDB,Urban population growth (annual %),SP.URB.GROW,3.00298749960813
IDA blend,IDB,"Population, total",SP.POP.TOTL,676957651
IDA blend,IDB,"Fertility rate, total (births per woman)",SP.DYN.TFRT.IN,..
IDA blend,IDB,GDP per capita (current US$),NY.GDP.PCAP.CD,1565.83627113068
IDA only,IDX,Urban population growth (annual %),SP.URB.GROW,3.76715351833536
IDA only,IDX,"Population, total",SP.POP.TOTL,1269778611
IDA only,IDX,"Fertility rate, total (births per woman)",SP.DYN.TFRT.IN,..
IDA only,IDX,GDP per capita (current US$),NY.GDP.PCAP.CD,1444.42895490433
IDA total,IDA,Urban population growth (annual %),SP.URB.GROW,3.46360698448728
IDA total,IDA,"Population, total",SP.POP.TOTL,1946736262
IDA total,IDA,"Fertility rate, total (births per woman)",SP.DYN.TFRT.IN,..
IDA total,IDA,GDP per capita (current US$),NY.GDP.PCAP.CD,1486.64710905859
Late-demographic dividend,LTE,Urban population growth (annual %),SP.URB.GROW,1.21358894254591
Late-demographic dividend,LTE,"Population, total",SP.POP.TOTL,2328890789
Late-demographic dividend,LTE,"Fertility rate, total (births per woman)",SP.DYN.TFRT.IN,..
Late-demographic dividend,LTE,GDP per capita (current US$),NY.GDP.PCAP.CD,12843.3344406811
Latin America & Caribbean,LCN,Urban population growth (annual %),SP.URB.GROW,0.981021221815048
Latin America & Caribbean,LCN,"Population, total",SP.POP.TOTL,662185950
Latin America & Caribbean,LCN,"Fertility rate, total (births per woman)",SP.DYN.TFRT.IN,..
Latin America & Caribbean,LCN,GDP per capita (current US$),NY.GDP.PCAP.CD,11044.6796556507
Latin America & Caribbean (excluding high income),LAC,Urban population growth (annual %),SP.URB.GROW,1.02793583628477
Latin America & Caribbean (excluding high income),LAC,"Population, total",SP.POP.TOTL,594158638
Latin America & Caribbean (excluding high income),LAC,"Fertility rate, total (births per woman)",SP.DYN.TFRT.IN,..
Latin America & Caribbean (excluding high income),LAC,GDP per capita (current US$),NY.GDP.PCAP.CD,10344.66889924
Latin America & the Caribbean (IDA & IBRD countries),TLA,Urban population growth (annual %),SP.URB.GROW,1.00600791340042
Latin America & the Caribbean (IDA & IBRD countries),TLA,"Population, total",SP.POP.TOTL,647003746
Latin America & the Caribbean (IDA & IBRD countries),TLA,"Fertility rate, total (births per woman)",SP.DYN.TFRT.IN,..
Latin America & the Caribbean (IDA & IBRD countries),TLA,GDP per capita (current US$),NY.GDP.PCAP.CD,10784.3171528207
Least developed countries: UN classification,LDC,Urban population growth (annual %),SP.URB.GROW,3.84084546858361
Least developed countries: UN classification,LDC,"Population, total",SP.POP.TOTL,1187777591
Least developed countries: UN classification,LDC,"Fertility rate, total (births per woman)",SP.DYN.TFRT.IN,..
Least developed countries: UN classification,LDC,GDP per capita (current US$),NY.GDP.PCAP.CD,1325.30935386629
Low & middle income,LMY,Urban population growth (annual %),SP.URB.GROW,1.96897090898927
Low & middle income,LMY,"Population, total",SP.POP.TOTL,6563719861
Low & middle income,LMY,"Fertility rate, total (births per woman)",SP.DYN.TFRT.IN,..
Low & middle income,LMY,GDP per capita (current US$),NY.GDP.PCAP.CD,5974.80452228262
Low income,LIC,Urban population growth (annual %),SP.URB.GROW,4.04077962098293
Low income,LIC,"Population, total",SP.POP.TOTL,624608098
Low income,LIC,"Fertility rate, total (births per woman)",SP.DYN.TFRT.IN,..
Low income,LIC,GDP per capita (current US$),NY.GDP.PCAP.CD,746.934788844338
Lower middle income,LMC,Urban population growth (annual %),SP.URB.GROW,2.54711843828774
Lower middle income,LMC,"Population, total",SP.POP.TOTL,3120983658
Lower middle income,LMC,"Fertility rate, total (births per woman)",SP.DYN.TFRT.IN,..
Lower middle income,LMC,GDP per capita (current US$),NY.GDP.PCAP.CD,2517.63261211924
"Middle East, North Africa, Afghanistan & Pakistan",MEA,Urban population growth (annual %),SP.URB.GROW,2.54290007410534
"Middle East, North Africa, Afghanistan & Pakistan",MEA,"Population, total",SP.POP.TOTL,813118814
"Middle East, North Africa, Afghanistan & Pakistan",MEA,"Fertility rate, total (births per woman)",SP.DYN.TFRT.IN,..
"Middle East, North Africa, Afghanistan & Pakistan",MEA,GDP per capita (current US$),NY.GDP.PCAP.CD,6180.85878446824
"Middle East, North Africa, Afghanistan & Pakistan (excluding high income)",MNA,Urban population growth (annual %),SP.URB.GROW,2.29799395428754
"Middle East, North Africa, Afghanistan & Pakistan (excluding high income)",MNA,"Population, total",SP.POP.TOTL,741690916
"Middle East, North Africa, Afghanistan & Pakistan (excluding high income)",MNA,"Fertility rate, total (births per woman)",SP.DYN.TFRT.IN,..
"Middle East, North Africa, Afghanistan & Pakistan (excluding high income)",MNA,GDP per capita (current US$),NY.GDP.PCAP.CD,2903.59793979158
"Middle East, North Africa, Afghanistan & Pakistan (IDA & IBRD)",TMN,Urban population growth (annual %),SP.URB.GROW,2.29328264616461
"Middle East, North Africa, Afghanistan & Pakistan (IDA & IBRD)",TMN,"Population, total",SP.POP.TOTL,736401764
"Middle East, North Africa, Afghanistan & Pakistan (IDA & IBRD)",TMN,"Fertility rate, total (births per woman)",SP.DYN.TFRT.IN,..
"Middle East, North Africa, Afghanistan & Pakistan (IDA & IBRD)",TMN,GDP per capita (current US$),NY.GDP.PCAP.CD,2905.83377209255
Middle income,MIC,Urban population growth (annual %),SP.URB.GROW,1.81876281012707
Middle income,MIC,"Population, total",SP.POP.TOTL,5939111763
Middle income,MIC,"Fertility rate, total (births per woman)",SP.DYN.TFRT.IN,..
Middle income,MIC,GDP per capita (current US$),NY.GDP.PCAP.CD,6524.2573581605
North America,NAC,Urban population growth (annual %),SP.URB.GROW,1.43370121711225
North America,NAC,"Population, total",SP.POP.TOTL,381464223
North America,NAC,"Fertility rate, total (births per woman)",SP.DYN.TFRT.IN,..
North America,NAC,GDP per capita (current US$),NY.GDP.PCAP.CD,82406.4788664869
Not classified,INX,Urban population growth (annual %),SP.URB.GROW,..
Not classified,INX,"Population, total",SP.POP.TOTL,..
Not classified,INX,"Fertility rate, total (births per woman)",SP.DYN.TFRT.IN,..
Not classified,INX,GDP per capita (current US$),NY.GDP.PCAP.CD,..
OECD members,OED,Urban population growth (annual %),SP.URB.GROW,0.882249598559398
OECD members,OED,"Population, total",SP.POP.TOTL,1396914190
OECD members,OED,"Fertility rate, total (births per woman)",SP.DYN.TFRT.IN,..
OECD members,OED,GDP per capita (current US$),NY.GDP.PCAP.CD,48454.6975400673
Other small states,OSS,Urban population growth (annual %),SP.URB.GROW,1.55359119441509
Other small states,OSS,"Population, total",SP.POP.TOTL,12969162
Other small states,OSS,"Fertility rate, total (births per woman)",SP.DYN.TFRT.IN,..
Other small states,OSS,GDP per capita (current US$),NY.GDP.PCAP.CD,15867.6733515992
Pacific island small states,PSS,Urban population growth (annual %),SP.URB.GROW,1.85783251756466
Pacific island small states,PSS,"Population, total",SP.POP.TOTL,2722467
Pacific island small states,PSS,"Fertility rate, total (births per woman)",SP.DYN.TFRT.IN,..
Pacific island small states,PSS,GDP per capita (current US$),NY.GDP.PCAP.CD,4399.41105391407
Post-demographic dividend,PST,Urban population growth (annual %),SP.URB.GROW,0.822718063853028
Post-demographic dividend,PST,"Population, total",SP.POP.TOTL,1128430188
Post-demographic dividend,PST,"Fertility rate, total (births per woman)",SP.DYN.TFRT.IN,..
Post-demographic dividend,PST,GDP per capita (current US$),NY.GDP.PCAP.CD,55865.7865373976
Pre-demographic dividend,PRE,Urban population growth (annual %),SP.URB.GROW,3.78088565645907
Pre-demographic dividend,PRE,"Population, total",SP.POP.TOTL,1105951788
Pre-demographic dividend,PRE,"Fertility rate, total (births per woman)",SP.DYN.TFRT.IN,..
Pre-demographic dividend,PRE,GDP per capita (current US$),NY.GDP.PCAP.CD,1290.20000126508
Small states,SST,Urban population growth (annual %),SP.URB.GROW,1.41197011895089
Small states,SST,"Population, total",SP.POP.TOTL,20230689
Small states,SST,"Fertility rate, total (births per woman)",SP.DYN.TFRT.IN,..
Small states,SST,GDP per capita (current US$),NY.GDP.PCAP.CD,15291.69576976
South Asia,SAS,Urban population growth (annual %),SP.URB.GROW,2.34111071862509
South Asia,SAS,"Population, total",SP.POP.TOTL,1677384532
South Asia,SAS,"Fertility rate, total (births per woman)",SP.DYN.TFRT.IN,..
South Asia,SAS,GDP per capita (current US$),NY.GDP.PCAP.CD,2691.64556264089
South Asia (IDA & IBRD),TSA,Urban population growth (annual %),SP.URB.GROW,2.34111071862509
South Asia (IDA & IBRD),TSA,"Population, total",SP.POP.TOTL,1677384532
South Asia (IDA & IBRD),TSA,"Fertility rate, total (births per woman)",SP.DYN.TFRT.IN,..
South Asia (IDA & IBRD),TSA,GDP per capita (current US$),NY.GDP.PCAP.CD,2691.64556264089
Sub-Saharan Africa,SSF,Urban population growth (annual %),SP.URB.GROW,3.69253744507503
Sub-Saharan Africa,SSF,"Population, total",SP.POP.TOTL,1291058694
Sub-Saharan Africa,SSF,"Fertility rate, total (births per woman)",SP.DYN.TFRT.IN,..
Sub-Saharan Africa,SSF,GDP per capita (current US$),NY.GDP.PCAP.CD,1516.35448013206
Sub-Saharan Africa (excluding high income),SSA,Urban population growth (annual %),SP.URB.GROW,3.63162618049545
Sub-Saharan Africa (excluding high income),SSA,"Population, total",SP.POP.TOTL,1158877573
Sub-Saharan Africa (excluding high income),SSA,"Fertility rate, total (births per woman)",SP.DYN.TFRT.IN,..
Sub-Saharan Africa (excluding high income),SSA,GDP per capita (current US$),NY.GDP.PCAP.CD,1506.22853698028
Sub-Saharan Africa (IDA & IBRD countries),TSS,Urban population growth (annual %),SP.URB.GROW,3.69253744507503
Sub-Saharan Africa (IDA & IBRD countries),TSS,"Population, total",SP.POP.TOTL,1291058694
Sub-Saharan Africa (IDA & IBRD countries),TSS,"Fertility rate, total (births per woman)",SP.DYN.TFRT.IN,..
Sub-Saharan Africa (IDA & IBRD countries),TSS,GDP per capita (current US$),NY.GDP.PCAP.CD,1516.35448013206
Upper middle income,UMC,Urban population growth (annual %),SP.URB.GROW,1.33857683301753
Upper middle income,UMC,"Population, total",SP.POP.TOTL,2818128105
Upper middle income,UMC,"Fertility rate, total (births per woman)",SP.DYN.TFRT.IN,..
Upper middle income,UMC,GDP per capita (current US$),NY.GDP.PCAP.CD,10961.8184459945
World,WLD,Urban population growth (annual %),SP.URB.GROW,1.71923090318813
World,WLD,"Population, total",SP.POP.TOTL,8142056446
World,WLD,"Fertility rate, total (births per woman)",SP.DYN.TFRT.IN,..
World,WLD,GDP per capita (current US$),NY.GDP.PCAP.CD,13673.0039578901
,,,,
,,,,
,,,,
Data from database: World Development Indicators,,,,
Last Updated: 07/01/2025,,,,
Code,License Type,Indicator Name,Long definition,Source,Topic,Dataset,Unit of measure,Periodicity,Aggregation method,Statistical concept and methodology,Development relevance,Limitations and exceptions,General comments,License URL
SP.URB.GROW,CC BY-4.0,Urban population growth (annual %),"Annual urban population growth rate for year t is the exponential rate of growth of midyear urban population from year t-1 to t, expressed as a percentage. Urban population refers to people living in urban areas as defined by national statistical offices. It is calculated using World Bank total population estimates and urban ratios from the United Nations World Urbanization Prospects.","World Urbanization Prospects, United Nations (UN), uri: https://population.un.org/wup/, publisher: UN Population Division;
Staff estimates, World Bank (WB), note: World Bank staff estimates based on the United Nations Population Division's World Urbanization Prospects",Environment: Density & urbanization,WDI,Percentage,Annual,Weighted average,"Methodology: The indicator is calculated from urban population estimates. The urban population estimates are calulcated using World Bank's total population estimates and urban ratios from the United Nations World Urbanization Prospects.
The growth rate is computed using the exponential growth formula:
r = ln(pn/p0)/n, 
where r is the exponential rate of growth, ln() is the natural logarithm, pn is the end period population, p0 is the beginning period population, and n is the number of years in between. Note that this is not the geometric growth rate used to compute compound growth over discrete periods.
Statistical concept(s): Urban population refers to people living in urban areas as defined by national statistical offices. Particular caution should be used in interpreting the figures for percentage urban for different countries. Countries differ in the way they classify population as "urban" or "rural." The population of a city or metropolitan area depends on the boundaries chosen.","Explosive growth of cities globally signifies the demographic transition from rural to urban, and is associated with shifts from an agriculture-based economy to mass industry, technology, and service.
In principle, cities offer a more favorable setting for the resolution of social and environmental problems than rural areas. Cities generate jobs and income, and deliver education, health care and other services. Cities also present opportunities for social mobilization and women's empowerment.","There is no consistent and universally accepted standard for distinguishing urban from rural areas, in part because of the wide variety of situations across countries.

Most countries use an urban classification related to the size or characteristics of settlements. Some define urban areas based on the presence of certain infrastructure and services. And other countries designate urban areas based on administrative arrangements. Because of national differences in the characteristics that distinguish urban from rural areas, the distinction between urban and rural population is not amenable to a single definition that would be applicable to all countries.

Estimates of the world's urban population would change significantly if China, India, and a few other populous nations were to change their definition of urban centers.

Because the estimates of city and metropolitan area are based on national definitions of what constitutes a city or metropolitan area, cross-country comparisons should be made with caution.",,https://creativecommons.org/licenses/by/4.0/
SP.POP.TOTL,CC BY-4.0,"Population, total","Total population is based on the de facto definition of population, which counts all residents regardless of legal status or citizenship. The values shown are midyear estimates.","World Population Prospects, United Nations (UN), uri: https://population.un.org/wpp/, publisher: UN Population Division;
Statistical databases and publications from national statistical offices, National Statistical Offices, uri: https://unstats.un.org/home/nso_sites/, publisher: National Statistical Offices;
Eurostat: Demographic Statistics, Eurostat (ESTAT), uri: https://ec.europa.eu/eurostat/data/database?node_code=earn_ses_monthly, publisher: Eurostat;
Population and Vital Statistics Report (various years), United Nations (UN), uri: https://unstats.un.org, publisher: UN Statistics Division",Health: Population: Structure,WDI,Unit,Annual,Sum,"Methodology: Population estimates are usually based on national population censuses, and estimates of fertility, mortality and migration.
Errors and undercounting in census occur even in high-income countries.  In developing countries errors may be substantial because of limits in the transport, communications, and other resources required to conduct and analyze a full census.
The quality and reliability of official demographic data are also affected by public trust in the government, government commitment to full and accurate enumeration, confidentiality and protection against misuse of census data, and census agencies' independence from political influence. Moreover, comparability of population indicators is limited by differences in the concepts, definitions, collection procedures, and estimation methods used by national statistical agencies and other organizations that collect the data.
The currentness of a census and the availability of complementary data from surveys or registration systems are objective ways to judge demographic data quality. Some European countries' registration systems offer complete information on population in the absence of a census.
The United Nations Statistics Division monitors the completeness of vital registration systems. Some developing countries have made progress over the last 60 years, but others still have deficiencies in civil registration systems.
International migration is the only other factor besides birth and death rates that directly determines a country's population change. Estimating migration is difficult. At any time many people are located outside their home country as tourists, workers, or refugees or for other reasons. Standards for the duration and purpose of international moves that qualify as migration vary, and estimates require information on flows into and out of countries that is difficult to collect.
One of the major data sources of this indicator is UN Population Division's World Population Prospects, which use the cohort component method to produce population estimates and projections.
Population projections, starting from a base year are projected forward using assumptions of mortality, fertility, and migration by age and sex through 2050, based on the UN Population Division's World Population Prospects database medium variant.
Statistical concept(s): Estimates of total population describe the size of total population. Population estimates are dependent on the demographic components of change that are fertility, mortality and migration. As the size of population continues to change throughout the time even within a year, a reference time in the year that the estimate refers to is needed, such as mid-year, end-year or beginning of year. The values shown are midyear estimates.","Increases in human population, whether as a result of immigration or more births than deaths, can impact natural resources and social infrastructure.  This can place pressure on a country's sustainability.  A significant growth in population will negatively impact the availability of land for agricultural production, and will aggravate demand for food, energy, water, social services, and infrastructure. On the other hand, decreasing population size - a result of fewer births than deaths, and people moving out of a country - can impact a government's commitment to maintain services and infrastructure.","Current population estimates for developing countries that lack (i) reliable recent census data, and (ii) pre- and post-census estimates for countries with census data, are provided by the United Nations Population Division and other agencies. 

The cohort component method - a standard method for estimating and projecting population - requires fertility, mortality, and net migration data, often collected from sample surveys, which can be small or limited in coverage. Population estimates are from demographic modeling and so are susceptible to biases and errors from shortcomings in both the model and the data.

Because future trends cannot be known with certainty, population projections have a wide range of uncertainty.",Relevance to gender indicator: disaggregating the population composition by gender will help a country in projecting its demand for social services on a gender basis.,https://creativecommons.org/licenses/by/4.0/
SP.DYN.TFRT.IN,CC BY-4.0,"Fertility rate, total (births per woman)",Total fertility rate represents the number of children that would be born to a woman if she were to live to the end of her childbearing years and bear children in accordance with age-specific fertility rates of the specified year.,"World Population Prospects, United Nations (UN), publisher: UN Population Division;
Statistical databases and publications from national statistical offices, National statistical offices;
Demographic Statistics, Eurostat (ESTAT)",Health: Reproductive health,WDI,Births per woman,Annual,Weighted average,"Methodology: Total fertility rate is the sum of the age-specific fertility rates (multiplied by five, if the age-specific fertility rates are for 5-year age groups).
Statistical concept(s): Total fertility rates are based on data on registered live births from vital registration systems or, in the absence of such systems, from censuses or sample surveys. The estimated rates are generally considered reliable measures of fertility in the recent past. Where no empirical information on age-specific fertility rates is available, a model is used to estimate the share of births to adolescents. For countries without reliable vital registration systems fertility rates are generally based on extrapolations from trends observed in censuses or surveys from earlier years.","Reproductive health is a state of physical and mental well-being in relation to the reproductive system and its functions and processes. Means of achieving reproductive health include education and services during pregnancy and childbirth, safe and effective contraception, and prevention and treatment of sexually transmitted diseases. Complications of pregnancy and childbirth are the leading cause of death and disability among women of reproductive age in developing countries.",Annual data series from United Nations Population Division's World Population Prospects are interpolated data from 5-year period data. Therefore they may not reflect real events as much as observed data.,Relevance to gender indicator: it can indicate the status of women within households and a womans decision about the number and spacing of children.,https://creativecommons.org/licenses/by/4.0/
NY.GDP.PCAP.CD,CC BY-4.0,GDP per capita (current US$),"Gross domestic product is the total income earned through the production of goods and services in an economic territory during an accounting period. It can be measured in three different ways: using either the expenditure approach, the income approach, or the production approach. The core indicator has been divided by the general population to achieve a per capita estimate.This indicator is expressed in current prices, meaning no adjustment has been made to account for price changes over time. This indicator is expressed in United States dollars.","Country official statistics, National Statistical Organizations and/or Central Banks;
National Accounts data files, Organisation for Economic Co-operation and Development (OECD);
Staff estimates, World Bank (WB)",Economic Policy & Debt: National accounts: US$ at current prices: Aggregate indicators,WDI,current US$,Annual,Weighted average,"Methodology: National accounts are compiled in accordance with international standards: System of National Accounts, 2008 or 1993 versions. Specific information on how countries compile their national accounts can be found on the IMF website: https://dsbb.imf.org/ Per capita estimates are divided by the total population.
Statistical concept(s): The conceptual elements of the SNA (System of National Accounts) measure what takes place in the economy, between which agents, and for what purpose. At the heart of the SNA is the production of goods and services. These may be used for consumption in the period to which the accounts relate or may be accumulated for use in a later period. In simple terms, the amount of value added generated by production represents GDP. The income corresponding to GDP is distributed to the various agents or groups of agents as income and it is the process of distributing and redistributing income that allows one agent to consume the goods and services produced by another agent or to acquire goods and services for later consumption. The way in which the SNA captures this pattern of economic flows is to identify the activities concerned by recognizing the institutional units in the economy and by specifying the structure of accounts capturing the transactions relevant to one stage or another of the process by which goods and services are produced and ultimately consumed.","This indicator is related to the national accounts, which are critical for understanding and managing a country's economy. They provide a framework for the analysis of economic performance. National accounts are the basis for estimating the Gross Domestic Product (GDP) and Gross National Income (GNI), which are the most widely used indicator of economic performance. They are essential for government policymakers, providing the data needed to design and assess fiscal and monetary policies; and are also used by businesses and investors to assess the economic climate and make investment decisions. NAS enable comparison between economies, which is crucial for international trade, investment decisions, and economic competitiveness. More specifically, this indicator is related to national accounts aggregates. Gross Domestic Product (GDP), Gross National Income (GNI), and other aggregates provide a snapshot of the size and health of an economy by measuring the total economic activity within a country. They can thus be used by policymakers to design and implement economic policies, as they reflect the overall economic performance and can indicate the need for intervention in certain areas. Aggregates also allow for comparisons between different economies, which can be useful for trade negotiations, investment decisions, and economic benchmarking. By examining aggregates over time, economists and analysts can identify trends, cycles, and potential areas of concern within an economy, and investors can use national accounts aggregates to assess the potential risks and returns of investing in a particular country. Overall, national accounts aggregates are fundamental tools for economic analysis, policy formulation, and decision-making at both the national and international levels.",,,https://creativecommons.org/licenses/by/4.0/
